更新时间,关联主板标的数,event_id,事件名称,落地时间,类型,受益板块,股票代码,股票名称,现价,埋伏逻辑,预期差等级,买点窗口,证伪条件,目标价,止损价,盈亏比,备注,买入参考价,候选池,事件来源,来源核验时间,分类依据,行情日期,行情来源,PE(TTM),价格来源,预期差证据
2026-10-08T17:16:15+08:00,0,evt_40f2a3247a737469,流通领域重要生产资料市场价格（9月下旬）,2026-10-09 09:30,宏观,NA,NA,NA,NA,核对上游价格变化对成本与毛利的方向，不预设受益者。,NA（未有可验证预期差）,落地前观察；具体买点NA，须人工复核,官方更改发布计划或数据不支持成本改善假设。,NA,NA,NA,事件保留，暂无通过价格/PE/日期核验的关联标的；官方页面本次核验通过；利空/风险：NA，未核实；不等于不存在利空,NA,事件观察（非高预期差池）,https://www.stats.gov.cn/xw/tjxw/tzgg/202512/t20251224_1962137.html,2026-10-08T17:16:15.722732+08:00,NA,NA,NA,NA,NA,NA
2026-10-08T17:16:15+08:00,1,evt_f6c4538c2cfff796,沃华医药 2026三季预约披露,2026-10-10（时刻NA）,财报,NA,002107,沃华医药,7.16,比较实际业绩与有来源的一致预期；预约披露不代表业绩超预期。,NA（未有可验证预期差）,落地前观察；具体买点NA，须人工复核,实际披露低于原假设、盈利质量恶化或披露延期。,NA,NA,NA,关联推断，非确定受益；官方页面本次核验通过；利空/风险：业绩不及预期风险；预约不保证实际披露日。,NA,事件观察（非高预期差池）,http://www.cninfo.com.cn/new/commonUrl?url=data/yypl,2026-10-08T17:16:15.722732+08:00,"中药Ⅱ[申万二级行业:index_component_sw@20260922,本地历史清单]；中药Ⅲ[申万三级行业:申万三级(乐咕)@20260923,本地历史清单]",20261008,腾讯全市场+带日期批量报价核验,34.85,NA,NA
2026-10-08T17:16:15+08:00,3,evt_0e692a4d4e7aee45,2026中国工博会机器人展开幕,2026-10-12（时刻NA）,产业,机器人；工业自动化,002048,宁波华翔,17.03,关注机器人产业展示及后续可核验产品、订单公告；行业关联仅供观察，不假定任何公司参展或受益。,NA（未有可验证预期差）,落地前观察；具体买点NA，须人工复核,展期变更、取消或未披露可验证增量业务，相关逻辑不成立。,NA,NA,NA,关联推断，非确定受益；本次来源未核验，禁止进入高预期差池；利空/风险：NA：未核实明确利空；展会不等于订单或利润。,NA,事件观察（非高预期差池）,https://www.ciif-expo.com/display_list,NA,"汽车电子[概念:stock_sector_detail@20260923,本地历史清单]",20261008,腾讯全市场+带日期批量报价核验,9.13,NA,NA
2026-10-08T17:16:15+08:00,3,evt_0e692a4d4e7aee45,2026中国工博会机器人展开幕,2026-10-12（时刻NA）,产业,机器人；工业自动化,002600,领益智造,11.42,关注机器人产业展示及后续可核验产品、订单公告；行业关联仅供观察，不假定任何公司参展或受益。,NA（未有可验证预期差）,落地前观察；具体买点NA，须人工复核,展期变更、取消或未披露可验证增量业务，相关逻辑不成立。,NA,NA,NA,关联推断，非确定受益；本次来源未核验，禁止进入高预期差池；利空/风险：NA：未核实明确利空；展会不等于订单或利润。,NA,事件观察（非高预期差池）,https://www.ciif-expo.com/display_list,NA,"消费电子[申万二级行业:index_component_sw@20260922,本地历史清单]；消费电子零部件及组装[申万三级行业:申万三级(乐咕)@20260923,本地历史清单]",20261008,腾讯全市场+带日期批量报价核验,43.94,NA,NA
2026-10-08T17:16:15+08:00,3,evt_0e692a4d4e7aee45,2026中国工博会机器人展开幕,2026-10-12（时刻NA）,产业,机器人；工业自动化,603118,共进股份,15.08,关注机器人产业展示及后续可核验产品、订单公告；行业关联仅供观察，不假定任何公司参展或受益。,NA（未有可验证预期差）,落地前观察；具体买点NA，须人工复核,展期变更、取消或未披露可验证增量业务，相关逻辑不成立。,NA,NA,NA,关联推断，非确定受益；本次来源未核验，禁止进入高预期差池；利空/风险：NA：未核实明确利空；展会不等于订单或利润。,NA,事件观察（非高预期差池）,https://www.ciif-expo.com/display_list,NA,"通信设备[申万二级行业:index_component_sw@20260922,本地历史清单]",20261008,腾讯全市场+带日期批量报价核验,127.77,NA,NA
2026-10-08T17:16:15+08:00,30,evt_da06083ce613aa2f,2026中国工博会集成电路展（国芯展）开幕,2026-10-12（时刻NA）,产业,半导体；集成电路；封装；芯片,000021,深科技,33.12,关注新品、订单或产业合作公告；仅依据行业关联列观察，不假定公司参展或获得订单。,NA（未有可验证预期差）,落地前观察；具体买点NA，须人工复核,展会延期、公司没有可验证增量产品/订单披露，或相关预期已提前反映。,NA,NA,NA,关联推断，非确定受益；官方页面本次核验通过；利空/风险：NA：未核实明确利空；展会本身不构成业绩利好。,NA,事件观察（非高预期差池）,https://nice.pwee.cn/,2026-10-08T17:16:15.722732+08:00,"消费电子[申万二级行业:index_component_sw@20260922,本地历史清单]；消费电子零部件及组装[申万三级行业:申万三级(乐咕)@20260923,本地历史清单]；半导体-存储封测；存储芯片/先进封装(绑长鑫、HBM封测)[人工题材白名单:本地白名单@20260921,本地历史清单]",20261008,腾讯全市场+带日期批量报价核验,42.77,NA,NA
2026-10-08T17:16:15+08:00,30,evt_da06083ce613aa2f,2026中国工博会集成电路展（国芯展）开幕,2026-10-12（时刻NA）,产业,半导体；集成电路；封装；芯片,000733,振华科技,38.5,关注新品、订单或产业合作公告；仅依据行业关联列观察，不假定公司参展或获得订单。,NA（未有可验证预期差）,落地前观察；具体买点NA，须人工复核,展会延期、公司没有可验证增量产品/订单披露，或相关预期已提前反映。,NA,NA,NA,关联推断，非确定受益；官方页面本次核验通过；利空/风险：NA：未核实明确利空；展会本身不构成业绩利好。,NA,事件观察（非高预期差池）,https://nice.pwee.cn/,2026-10-08T17:16:15.722732+08:00,"军工电子Ⅱ[申万二级行业:index_component_sw@20260922,本地历史清单]；MLCC概念[概念，仅首屏不完整:同花顺概念首屏@20260922,本地历史清单]；军工电子Ⅲ[申万三级行业:申万三级(乐咕)@20260923,本地历史清单]；军工电子-被动元件；军用MLCC/片式容阻感/半导体元器件[人工题材白名单:本地白名单@20260921,本地历史清单]",20261008,腾讯全市场+带日期批量报价核验,22.23,NA,NA
2026-10-08T17:16:15+08:00,30,evt_da06083ce613aa2f,2026中国工博会集成电路展（国芯展）开幕,2026-10-12（时刻NA）,产业,半导体；集成电路；封装；芯片,002077,大港股份,13.19,关注新品、订单或产业合作公告；仅依据行业关联列观察，不假定公司参展或获得订单。,NA（未有可验证预期差）,落地前观察；具体买点NA，须人工复核,展会延期、公司没有可验证增量产品/订单披露，或相关预期已提前反映。,NA,NA,NA,关联推断，非确定受益；官方页面本次核验通过；利空/风险：NA：未核实明确利空；展会本身不构成业绩利好。,NA,事件观察（非高预期差池）,https://nice.pwee.cn/,2026-10-08T17:16:15.722732+08:00,"半导体[申万二级行业:index_component_sw@20260922,本地历史清单]；集成电路封测[申万三级行业:申万三级(乐咕)@20260923,本地历史清单]",20261008,腾讯全市场+带日期批量报价核验,100.82,NA,NA
2026-10-08T17:16:15+08:00,30,evt_da06083ce613aa2f,2026中国工博会集成电路展（国芯展）开幕,2026-10-12（时刻NA）,产业,半导体；集成电路；封装；芯片,002079,苏州固锝,8.28,关注新品、订单或产业合作公告；仅依据行业关联列观察，不假定公司参展或获得订单。,NA（未有可验证预期差）,落地前观察；具体买点NA，须人工复核,展会延期、公司没有可验证增量产品/订单披露，或相关预期已提前反映。,NA,NA,NA,关联推断，非确定受益；官方页面本次核验通过；利空/风险：NA：未核实明确利空；展会本身不构成业绩利好。,NA,事件观察（非高预期差池）,https://nice.pwee.cn/,2026-10-08T17:16:15.722732+08:00,"物联网[概念:stock_sector_detail@20260923,本地历史清单]",20261008,腾讯全市场+带日期批量报价核验,70.28,NA,NA
2026-10-08T17:16:15+08:00,30,evt_da06083ce613aa2f,2026中国工博会集成电路展（国芯展）开幕,2026-10-12（时刻NA）,产业,半导体；集成电路；封装；芯片,002106,莱宝高科,11.73,关注新品、订单或产业合作公告；仅依据行业关联列观察，不假定公司参展或获得订单。,NA（未有可验证预期差）,落地前观察；具体买点NA，须人工复核,展会延期、公司没有可验证增量产品/订单披露，或相关预期已提前反映。,NA,NA,NA,关联推断，非确定受益；官方页面本次核验通过；利空/风险：NA：未核实明确利空；展会本身不构成业绩利好。,NA,事件观察（非高预期差池）,https://nice.pwee.cn/,2026-10-08T17:16:15.722732+08:00,"先进封装[概念，仅首屏不完整:同花顺概念首屏@20260922,本地历史清单]",20261008,腾讯全市场+带日期批量报价核验,52.26,NA,NA
2026-10-08T17:16:15+08:00,30,evt_da06083ce613aa2f,2026中国工博会集成电路展（国芯展）开幕,2026-10-12（时刻NA）,产业,半导体；集成电路；封装；芯片,002119,康强电子,25.07,关注新品、订单或产业合作公告；仅依据行业关联列观察，不假定公司参展或获得订单。,NA（未有可验证预期差）,落地前观察；具体买点NA，须人工复核,展会延期、公司没有可验证增量产品/订单披露，或相关预期已提前反映。,NA,NA,NA,关联推断，非确定受益；官方页面本次核验通过；利空/风险：NA：未核实明确利空；展会本身不构成业绩利好。,NA,事件观察（非高预期差池）,https://nice.pwee.cn/,2026-10-08T17:16:15.722732+08:00,"半导体[申万二级行业:index_component_sw@20260922,本地历史清单]；半导体材料[申万三级行业:申万三级(乐咕)@20260923,本地历史清单]",20261008,腾讯全市场+带日期批量报价核验,78.21,NA,NA
2026-10-08T17:16:15+08:00,30,evt_da06083ce613aa2f,2026中国工博会集成电路展（国芯展）开幕,2026-10-12（时刻NA）,产业,半导体；集成电路；封装；芯片,002185,华天科技,16.03,关注新品、订单或产业合作公告；仅依据行业关联列观察，不假定公司参展或获得订单。,NA（未有可验证预期差）,落地前观察；具体买点NA，须人工复核,展会延期、公司没有可验证增量产品/订单披露，或相关预期已提前反映。,NA,NA,NA,关联推断，非确定受益；官方页面本次核验通过；利空/风险：NA：未核实明确利空；展会本身不构成业绩利好。,NA,事件观察（非高预期差池）,https://nice.pwee.cn/,2026-10-08T17:16:15.722732+08:00,"半导体[申万二级行业:index_component_sw@20260922,本地历史清单]；华为海思[概念:stock_sector_detail@20260923,本地历史清单]；集成电路封测[申万三级行业:申万三级(乐咕)@20260923,本地历史清单]；半导体-集成电路封测；先进封装/封测[人工题材白名单:本地白名单@20260921,本地历史清单]",20261008,腾讯全市场+带日期批量报价核验,41.1,NA,NA
2026-10-08T17:16:15+08:00,30,evt_da06083ce613aa2f,2026中国工博会集成电路展（国芯展）开幕,2026-10-12（时刻NA）,产业,半导体；集成电路；封装；芯片,002213,大为股份,26.07,关注新品、订单或产业合作公告；仅依据行业关联列观察，不假定公司参展或获得订单。,NA（未有可验证预期差）,落地前观察；具体买点NA，须人工复核,展会延期、公司没有可验证增量产品/订单披露，或相关预期已提前反映。,NA,NA,NA,关联推断，非确定受益；官方页面本次核验通过；利空/风险：NA：未核实明确利空；展会本身不构成业绩利好。,NA,事件观察（非高预期差池）,https://nice.pwee.cn/,2026-10-08T17:16:15.722732+08:00,"半导体[申万二级行业:index_component_sw@20260922,本地历史清单]；数字芯片设计[申万三级行业:申万三级(乐咕)@20260923,本地历史清单]",20261008,腾讯全市场+带日期批量报价核验,317.16,NA,NA
2026-10-08T17:16:15+08:00,30,evt_da06083ce613aa2f,2026中国工博会集成电路展（国芯展）开幕,2026-10-12（时刻NA）,产业,半导体；集成电路；封装；芯片,002402,和而泰,17.52,关注新品、订单或产业合作公告；仅依据行业关联列观察，不假定公司参展或获得订单。,NA（未有可验证预期差）,落地前观察；具体买点NA，须人工复核,展会延期、公司没有可验证增量产品/订单披露，或相关预期已提前反映。,NA,NA,NA,关联推断，非确定受益；官方页面本次核验通过；利空/风险：NA：未核实明确利空；展会本身不构成业绩利好。,NA,事件观察（非高预期差池）,https://nice.pwee.cn/,2026-10-08T17:16:15.722732+08:00,"消费电子[申万二级行业:index_component_sw@20260922,本地历史清单]；物联网[概念:stock_sector_detail@20260923,本地历史清单]；消费电子零部件及组装[申万三级行业:申万三级(乐咕)@20260923,本地历史清单]",20261008,腾讯全市场+带日期批量报价核验,29.44,NA,NA
2026-10-08T17:16:15+08:00,30,evt_da06083ce613aa2f,2026中国工博会集成电路展（国芯展）开幕,2026-10-12（时刻NA）,产业,半导体；集成电路；封装；芯片,002414,高德红外,11.2,关注新品、订单或产业合作公告；仅依据行业关联列观察，不假定公司参展或获得订单。,NA（未有可验证预期差）,落地前观察；具体买点NA，须人工复核,展会延期、公司没有可验证增量产品/订单披露，或相关预期已提前反映。,NA,NA,NA,关联推断，非确定受益；官方页面本次核验通过；利空/风险：NA：未核实明确利空；展会本身不构成业绩利好。,NA,事件观察（非高预期差池）,https://nice.pwee.cn/,2026-10-08T17:16:15.722732+08:00,"军工电子Ⅱ[申万二级行业:index_component_sw@20260922,本地历史清单]；军工电子Ⅲ[申万三级行业:申万三级(乐咕)@20260923,本地历史清单]",20261008,腾讯全市场+带日期批量报价核验,25.77,NA,NA
2026-10-08T17:16:15+08:00,30,evt_da06083ce613aa2f,2026中国工博会集成电路展（国芯展）开幕,2026-10-12（时刻NA）,产业,半导体；集成电路；封装；芯片,002436,兴森科技,40.41,关注新品、订单或产业合作公告；仅依据行业关联列观察，不假定公司参展或获得订单。,NA（未有可验证预期差）,落地前观察；具体买点NA，须人工复核,展会延期、公司没有可验证增量产品/订单披露，或相关预期已提前反映。,NA,NA,NA,关联推断，非确定受益；官方页面本次核验通过；利空/风险：NA：未核实明确利空；展会本身不构成业绩利好。,NA,事件观察（非高预期差池）,https://nice.pwee.cn/,2026-10-08T17:16:15.722732+08:00,"华为海思[概念:stock_sector_detail@20260923,本地历史清单]；印制电路板[申万三级行业:申万三级(乐咕)@20260923,本地历史清单]",20261008,腾讯全市场+带日期批量报价核验,317.07,NA,NA
2026-10-08T17:16:15+08:00,30,evt_da06083ce613aa2f,2026中国工博会集成电路展（国芯展）开幕,2026-10-12（时刻NA）,产业,半导体；集成电路；封装；芯片,002815,崇达技术,22.51,关注新品、订单或产业合作公告；仅依据行业关联列观察，不假定公司参展或获得订单。,NA（未有可验证预期差）,落地前观察；具体买点NA，须人工复核,展会延期、公司没有可验证增量产品/订单披露，或相关预期已提前反映。,NA,NA,NA,关联推断，非确定受益；官方页面本次核验通过；利空/风险：NA：未核实明确利空；展会本身不构成业绩利好。,NA,事件观察（非高预期差池）,https://nice.pwee.cn/,2026-10-08T17:16:15.722732+08:00,"先进封装[概念，仅首屏不完整:同花顺概念首屏@20260922,本地历史清单]；共封装光学CPO[概念，仅首屏不完整:同花顺概念首屏@20260922,本地历史清单]；印制电路板[申万三级行业:申万三级(乐咕)@20260923,本地历史清单]",20261008,腾讯全市场+带日期批量报价核验,109.1,NA,NA
2026-10-08T17:16:15+08:00,30,evt_da06083ce613aa2f,2026中国工博会集成电路展（国芯展）开幕,2026-10-12（时刻NA）,产业,半导体；集成电路；封装；芯片,002967,广电计量,17.08,关注新品、订单或产业合作公告；仅依据行业关联列观察，不假定公司参展或获得订单。,NA（未有可验证预期差）,落地前观察；具体买点NA，须人工复核,展会延期、公司没有可验证增量产品/订单披露，或相关预期已提前反映。,NA,NA,NA,关联推断，非确定受益；官方页面本次核验通过；利空/风险：NA：未核实明确利空；展会本身不构成业绩利好。,NA,事件观察（非高预期差池）,https://nice.pwee.cn/,2026-10-08T17:16:15.722732+08:00,"华为海思[概念:stock_sector_detail@20260923,本地历史清单]",20261008,腾讯全市场+带日期批量报价核验,24.33,NA,NA
2026-10-08T17:16:15+08:00,30,evt_da06083ce613aa2f,2026中国工博会集成电路展（国芯展）开幕,2026-10-12（时刻NA）,产业,半导体；集成电路；封装；芯片,003026,中晶科技,30.85,关注新品、订单或产业合作公告；仅依据行业关联列观察，不假定公司参展或获得订单。,NA（未有可验证预期差）,落地前观察；具体买点NA，须人工复核,展会延期、公司没有可验证增量产品/订单披露，或相关预期已提前反映。,NA,NA,NA,关联推断，非确定受益；官方页面本次核验通过；利空/风险：NA：未核实明确利空；展会本身不构成业绩利好。,NA,事件观察（非高预期差池）,https://nice.pwee.cn/,2026-10-08T17:16:15.722732+08:00,"半导体[申万二级行业:index_component_sw@20260922,本地历史清单]；半导体材料[申万三级行业:申万三级(乐咕)@20260923,本地历史清单]",20261008,腾讯全市场+带日期批量报价核验,99.3,NA,NA
2026-10-08T17:16:15+08:00,30,evt_da06083ce613aa2f,2026中国工博会集成电路展（国芯展）开幕,2026-10-12（时刻NA）,产业,半导体；集成电路；封装；芯片,600171,上海贝岭,21.3,关注新品、订单或产业合作公告；仅依据行业关联列观察，不假定公司参展或获得订单。,NA（未有可验证预期差）,落地前观察；具体买点NA，须人工复核,展会延期、公司没有可验证增量产品/订单披露，或相关预期已提前反映。,NA,NA,NA,关联推断，非确定受益；官方页面本次核验通过；利空/风险：NA：未核实明确利空；展会本身不构成业绩利好。,NA,事件观察（非高预期差池）,https://nice.pwee.cn/,2026-10-08T17:16:15.722732+08:00,"半导体[申万二级行业:index_component_sw@20260922,本地历史清单]；物联网[概念:stock_sector_detail@20260923,本地历史清单]；模拟芯片设计[申万三级行业:申万三级(乐咕)@20260923,本地历史清单]",20261008,腾讯全市场+带日期批量报价核验,69.83,NA,NA
2026-10-08T17:16:15+08:00,30,evt_da06083ce613aa2f,2026中国工博会集成电路展（国芯展）开幕,2026-10-12（时刻NA）,产业,半导体；集成电路；封装；芯片,600203,福日电子,9.64,关注新品、订单或产业合作公告；仅依据行业关联列观察，不假定公司参展或获得订单。,NA（未有可验证预期差）,落地前观察；具体买点NA，须人工复核,展会延期、公司没有可验证增量产品/订单披露，或相关预期已提前反映。,NA,NA,NA,关联推断，非确定受益；官方页面本次核验通过；利空/风险：NA：未核实明确利空；展会本身不构成业绩利好。,NA,事件观察（非高预期差池）,https://nice.pwee.cn/,2026-10-08T17:16:15.722732+08:00,"消费电子[申万二级行业:index_component_sw@20260922,本地历史清单]；消费电子零部件及组装[申万三级行业:申万三级(乐咕)@20260923,本地历史清单]",20261008,腾讯全市场+带日期批量报价核验,448.01,NA,NA
2026-10-08T17:16:15+08:00,30,evt_da06083ce613aa2f,2026中国工博会集成电路展（国芯展）开幕,2026-10-12（时刻NA）,产业,半导体；集成电路；封装；芯片,600206,有研新材,44.64,关注新品、订单或产业合作公告；仅依据行业关联列观察，不假定公司参展或获得订单。,NA（未有可验证预期差）,落地前观察；具体买点NA，须人工复核,展会延期、公司没有可验证增量产品/订单披露，或相关预期已提前反映。,NA,NA,NA,关联推断，非确定受益；官方页面本次核验通过；利空/风险：NA：未核实明确利空；展会本身不构成业绩利好。,NA,事件观察（非高预期差池）,https://nice.pwee.cn/,2026-10-08T17:16:15.722732+08:00,"半导体[申万二级行业:index_component_sw@20260922,本地历史清单]；半导体材料[申万三级行业:申万三级(乐咕)@20260923,本地历史清单]",20261008,腾讯全市场+带日期批量报价核验,118.84,NA,NA
2026-10-08T17:16:15+08:00,30,evt_da06083ce613aa2f,2026中国工博会集成电路展（国芯展）开幕,2026-10-12（时刻NA）,产业,半导体；集成电路；封装；芯片,600360,华微电子,10.24,关注新品、订单或产业合作公告；仅依据行业关联列观察，不假定公司参展或获得订单。,NA（未有可验证预期差）,落地前观察；具体买点NA，须人工复核,展会延期、公司没有可验证增量产品/订单披露，或相关预期已提前反映。,NA,NA,NA,关联推断，非确定受益；官方页面本次核验通过；利空/风险：NA：未核实明确利空；展会本身不构成业绩利好。,NA,事件观察（非高预期差池）,https://nice.pwee.cn/,2026-10-08T17:16:15.722732+08:00,"半导体[申万二级行业:index_component_sw@20260922,本地历史清单]",20261008,腾讯全市场+带日期批量报价核验,53.52,NA,NA
2026-10-08T17:16:15+08:00,30,evt_da06083ce613aa2f,2026中国工博会集成电路展（国芯展）开幕,2026-10-12（时刻NA）,产业,半导体；集成电路；封装；芯片,600460,士兰微,29.64,关注新品、订单或产业合作公告；仅依据行业关联列观察，不假定公司参展或获得订单。,NA（未有可验证预期差）,落地前观察；具体买点NA，须人工复核,展会延期、公司没有可验证增量产品/订单披露，或相关预期已提前反映。,NA,NA,NA,关联推断，非确定受益；官方页面本次核验通过；利空/风险：NA：未核实明确利空；展会本身不构成业绩利好。,NA,事件观察（非高预期差池）,https://nice.pwee.cn/,2026-10-08T17:16:15.722732+08:00,"半导体[申万二级行业:index_component_sw@20260922,本地历史清单]",20261008,腾讯全市场+带日期批量报价核验,75.92,NA,NA
2026-10-08T17:16:15+08:00,30,evt_da06083ce613aa2f,2026中国工博会集成电路展（国芯展）开幕,2026-10-12（时刻NA）,产业,半导体；集成电路；封装；芯片,600605,汇通能源,29.1,关注新品、订单或产业合作公告；仅依据行业关联列观察，不假定公司参展或获得订单。,NA（未有可验证预期差）,落地前观察；具体买点NA，须人工复核,展会延期、公司没有可验证增量产品/订单披露，或相关预期已提前反映。,NA,NA,NA,关联推断，非确定受益；官方页面本次核验通过；利空/风险：NA：未核实明确利空；展会本身不构成业绩利好。,NA,事件观察（非高预期差池）,https://nice.pwee.cn/,2026-10-08T17:16:15.722732+08:00,"存储芯片[概念，仅首屏不完整:同花顺概念首屏@20260922,本地历史清单]",20261008,腾讯全市场+带日期批量报价核验,205.0,NA,NA
2026-10-08T17:16:15+08:00,30,evt_da06083ce613aa2f,2026中国工博会集成电路展（国芯展）开幕,2026-10-12（时刻NA）,产业,半导体；集成电路；封装；芯片,600641,先导基电,45.32,关注新品、订单或产业合作公告；仅依据行业关联列观察，不假定公司参展或获得订单。,NA（未有可验证预期差）,落地前观察；具体买点NA，须人工复核,展会延期、公司没有可验证增量产品/订单披露，或相关预期已提前反映。,NA,NA,NA,关联推断，非确定受益；官方页面本次核验通过；利空/风险：NA：未核实明确利空；展会本身不构成业绩利好。,NA,事件观察（非高预期差池）,https://nice.pwee.cn/,2026-10-08T17:16:15.722732+08:00,"半导体[申万二级行业:index_component_sw@20260922,本地历史清单]；存储芯片[概念，仅首屏不完整:同花顺概念首屏@20260922,本地历史清单]；芯片概念[概念，仅首屏不完整:同花顺概念首屏@20260922,本地历史清单]；第三代半导体[概念，仅首屏不完整:同花顺概念首屏@20260922,本地历史清单]；半导体材料[申万三级行业:申万三级(乐咕)@20260923,本地历史清单]",20261008,腾讯全市场+带日期批量报价核验,1005.7,NA,NA
2026-10-08T17:16:15+08:00,30,evt_da06083ce613aa2f,2026中国工博会集成电路展（国芯展）开幕,2026-10-12（时刻NA）,产业,半导体；集成电路；封装；芯片,600651,飞乐音响,4.92,关注新品、订单或产业合作公告；仅依据行业关联列观察，不假定公司参展或获得订单。,NA（未有可验证预期差）,落地前观察；具体买点NA，须人工复核,展会延期、公司没有可验证增量产品/订单披露，或相关预期已提前反映。,NA,NA,NA,关联推断，非确定受益；官方页面本次核验通过；利空/风险：NA：未核实明确利空；展会本身不构成业绩利好。,NA,事件观察（非高预期差池）,https://nice.pwee.cn/,2026-10-08T17:16:15.722732+08:00,"汽车电子电气系统[申万三级行业:申万三级(乐咕)@20260923,本地历史清单]",20261008,腾讯全市场+带日期批量报价核验,364.78,NA,NA
2026-10-08T17:16:15+08:00,30,evt_da06083ce613aa2f,2026中国工博会集成电路展（国芯展）开幕,2026-10-12（时刻NA）,产业,半导体；集成电路；封装；芯片,600770,综艺股份,6.03,关注新品、订单或产业合作公告；仅依据行业关联列观察，不假定公司参展或获得订单。,NA（未有可验证预期差）,落地前观察；具体买点NA，须人工复核,展会延期、公司没有可验证增量产品/订单披露，或相关预期已提前反映。,NA,NA,NA,关联推断，非确定受益；官方页面本次核验通过；利空/风险：NA：未核实明确利空；展会本身不构成业绩利好。,NA,事件观察（非高预期差池）,https://nice.pwee.cn/,2026-10-08T17:16:15.722732+08:00,"第三代半导体[概念，仅首屏不完整:同花顺概念首屏@20260922,本地历史清单]；汽车芯片[概念，仅首屏不完整:同花顺概念首屏@20260922,本地历史清单]；5G概念[概念:stock_sector_detail@20260923,本地历史清单]；物联网[概念:stock_sector_detail@20260923,本地历史清单]",20261008,腾讯全市场+带日期批量报价核验,57.49,NA,NA
2026-10-08T17:16:15+08:00,30,evt_da06083ce613aa2f,2026中国工博会集成电路展（国芯展）开幕,2026-10-12（时刻NA）,产业,半导体；集成电路；封装；芯片,600877,电科芯片,11.03,关注新品、订单或产业合作公告；仅依据行业关联列观察，不假定公司参展或获得订单。,NA（未有可验证预期差）,落地前观察；具体买点NA，须人工复核,展会延期、公司没有可验证增量产品/订单披露，或相关预期已提前反映。,NA,NA,NA,关联推断，非确定受益；官方页面本次核验通过；利空/风险：NA：未核实明确利空；展会本身不构成业绩利好。,NA,事件观察（非高预期差池）,https://nice.pwee.cn/,2026-10-08T17:16:15.722732+08:00,"半导体[申万二级行业:index_component_sw@20260922,本地历史清单]；模拟芯片设计[申万三级行业:申万三级(乐咕)@20260923,本地历史清单]",20261008,腾讯全市场+带日期批量报价核验,580.48,NA,NA
2026-10-08T17:16:15+08:00,30,evt_da06083ce613aa2f,2026中国工博会集成电路展（国芯展）开幕,2026-10-12（时刻NA）,产业,半导体；集成电路；封装；芯片,601231,环旭电子,23.07,关注新品、订单或产业合作公告；仅依据行业关联列观察，不假定公司参展或获得订单。,NA（未有可验证预期差）,落地前观察；具体买点NA，须人工复核,展会延期、公司没有可验证增量产品/订单披露，或相关预期已提前反映。,NA,NA,NA,关联推断，非确定受益；官方页面本次核验通过；利空/风险：NA：未核实明确利空；展会本身不构成业绩利好。,NA,事件观察（非高预期差池）,https://nice.pwee.cn/,2026-10-08T17:16:15.722732+08:00,"消费电子[申万二级行业:index_component_sw@20260922,本地历史清单]；消费电子零部件及组装[申万三级行业:申万三级(乐咕)@20260923,本地历史清单]",20261008,腾讯全市场+带日期批量报价核验,27.05,NA,NA
2026-10-08T17:16:15+08:00,30,evt_da06083ce613aa2f,2026中国工博会集成电路展（国芯展）开幕,2026-10-12（时刻NA）,产业,半导体；集成电路；封装；芯片,603005,晶方科技,25.82,关注新品、订单或产业合作公告；仅依据行业关联列观察，不假定公司参展或获得订单。,NA（未有可验证预期差）,落地前观察；具体买点NA，须人工复核,展会延期、公司没有可验证增量产品/订单披露，或相关预期已提前反映。,NA,NA,NA,关联推断，非确定受益；官方页面本次核验通过；利空/风险：NA：未核实明确利空；展会本身不构成业绩利好。,NA,事件观察（非高预期差池）,https://nice.pwee.cn/,2026-10-08T17:16:15.722732+08:00,"半导体[申万二级行业:index_component_sw@20260922,本地历史清单]；集成电路封测[申万三级行业:申万三级(乐咕)@20260923,本地历史清单]",20261008,腾讯全市场+带日期批量报价核验,49.9,NA,NA
2026-10-08T17:16:15+08:00,30,evt_da06083ce613aa2f,2026中国工博会集成电路展（国芯展）开幕,2026-10-12（时刻NA）,产业,半导体；集成电路；封装；芯片,603068,博通集成,42.44,关注新品、订单或产业合作公告；仅依据行业关联列观察，不假定公司参展或获得订单。,NA（未有可验证预期差）,落地前观察；具体买点NA，须人工复核,展会延期、公司没有可验证增量产品/订单披露，或相关预期已提前反映。,NA,NA,NA,关联推断，非确定受益；官方页面本次核验通过；利空/风险：NA：未核实明确利空；展会本身不构成业绩利好。,NA,事件观察（非高预期差池）,https://nice.pwee.cn/,2026-10-08T17:16:15.722732+08:00,"半导体[申万二级行业:index_component_sw@20260922,本地历史清单]；芯片概念[概念，仅首屏不完整:同花顺概念首屏@20260922,本地历史清单]；东数西算算力[概念，仅首屏不完整:同花顺概念首屏@20260922,本地历史清单]；汽车芯片[概念，仅首屏不完整:同花顺概念首屏@20260922,本地历史清单]；MCU芯片[概念，仅首屏不完整:同花顺概念首屏@20260922,本地历史清单]；模拟芯片设计[申万三级行业:申万三级(乐咕)@20260923,本地历史清单]",20261008,腾讯全市场+带日期批量报价核验,120.39,NA,NA
2026-10-08T17:16:15+08:00,30,evt_da06083ce613aa2f,2026中国工博会集成电路展（国芯展）开幕,2026-10-12（时刻NA）,产业,半导体；集成电路；封装；芯片,603216,梦天家居,21.91,关注新品、订单或产业合作公告；仅依据行业关联列观察，不假定公司参展或获得订单。,NA（未有可验证预期差）,落地前观察；具体买点NA，须人工复核,展会延期、公司没有可验证增量产品/订单披露，或相关预期已提前反映。,NA,NA,NA,关联推断，非确定受益；官方页面本次核验通过；利空/风险：NA：未核实明确利空；展会本身不构成业绩利好。,NA,事件观察（非高预期差池）,https://nice.pwee.cn/,2026-10-08T17:16:15.722732+08:00,"芯片概念[概念，仅首屏不完整:同花顺概念首屏@20260922,本地历史清单]",20261008,腾讯全市场+带日期批量报价核验,79.92,NA,NA
2026-10-08T17:16:15+08:00,30,evt_da06083ce613aa2f,2026中国工博会集成电路展（国芯展）开幕,2026-10-12（时刻NA）,产业,半导体；集成电路；封装；芯片,603353,和顺石油,37.13,关注新品、订单或产业合作公告；仅依据行业关联列观察，不假定公司参展或获得订单。,NA（未有可验证预期差）,落地前观察；具体买点NA，须人工复核,展会延期、公司没有可验证增量产品/订单披露，或相关预期已提前反映。,NA,NA,NA,关联推断，非确定受益；官方页面本次核验通过；利空/风险：NA：未核实明确利空；展会本身不构成业绩利好。,NA,事件观察（非高预期差池）,https://nice.pwee.cn/,2026-10-08T17:16:15.722732+08:00,"存储芯片[概念，仅首屏不完整:同花顺概念首屏@20260922,本地历史清单]",20261008,腾讯全市场+带日期批量报价核验,137.9,NA,NA
2026-10-08T17:16:15+08:00,30,evt_da06083ce613aa2f,2026中国工博会集成电路展（国芯展）开幕,2026-10-12（时刻NA）,产业,半导体；集成电路；封装；芯片,605358,立昂微,42.67,关注新品、订单或产业合作公告；仅依据行业关联列观察，不假定公司参展或获得订单。,NA（未有可验证预期差）,落地前观察；具体买点NA，须人工复核,展会延期、公司没有可验证增量产品/订单披露，或相关预期已提前反映。,NA,NA,NA,关联推断，非确定受益；官方页面本次核验通过；利空/风险：NA：未核实明确利空；展会本身不构成业绩利好。,NA,事件观察（非高预期差池）,https://nice.pwee.cn/,2026-10-08T17:16:15.722732+08:00,"半导体[申万二级行业:index_component_sw@20260922,本地历史清单]；半导体材料[申万三级行业:申万三级(乐咕)@20260923,本地历史清单]",20261008,腾讯全市场+带日期批量报价核验,480.64,NA,NA
2026-10-08T17:16:15+08:00,1,evt_053ce5cc841c63ad,冀东装备 2026三季预约披露,2026-10-13（时刻NA）,财报,NA,000856,冀东装备,9.03,比较实际业绩与有来源的一致预期；预约披露不代表业绩超预期。,NA（未有可验证预期差）,落地前观察；具体买点NA，须人工复核,实际披露低于原假设、盈利质量恶化或披露延期。,NA,NA,NA,关联推断，非确定受益；官方页面本次核验通过；利空/风险：业绩不及预期风险；预约不保证实际披露日。,NA,事件观察（非高预期差池）,http://www.cninfo.com.cn/new/commonUrl?url=data/yypl,2026-10-08T17:16:15.722732+08:00,NA,20261008,腾讯全市场+带日期批量报价核验,95.62,NA,NA
2026-10-08T17:16:15+08:00,1,evt_1ff1bc30d30aa2dd,有研新材 2026三季预约披露,2026-10-13（时刻NA）,财报,NA,600206,有研新材,44.64,比较实际业绩与有来源的一致预期；预约披露不代表业绩超预期。,NA（未有可验证预期差）,落地前观察；具体买点NA，须人工复核,实际披露低于原假设、盈利质量恶化或披露延期。,NA,NA,NA,关联推断，非确定受益；官方页面本次核验通过；利空/风险：业绩不及预期风险；预约不保证实际披露日。,NA,事件观察（非高预期差池）,http://www.cninfo.com.cn/new/commonUrl?url=data/yypl,2026-10-08T17:16:15.722732+08:00,"半导体[申万二级行业:index_component_sw@20260922,本地历史清单]；半导体材料[申万三级行业:申万三级(乐咕)@20260923,本地历史清单]",20261008,腾讯全市场+带日期批量报价核验,118.84,NA,NA
2026-10-08T17:16:15+08:00,1,evt_5da9442854ba441e,金岭矿业 2026三季预约披露,2026-10-14（时刻NA）,财报,NA,000655,金岭矿业,7.44,比较实际业绩与有来源的一致预期；预约披露不代表业绩超预期。,NA（未有可验证预期差）,落地前观察；具体买点NA，须人工复核,实际披露低于原假设、盈利质量恶化或披露延期。,NA,NA,NA,关联推断，非确定受益；官方页面本次核验通过；利空/风险：业绩不及预期风险；预约不保证实际披露日。,NA,事件观察（非高预期差池）,http://www.cninfo.com.cn/new/commonUrl?url=data/yypl,2026-10-08T17:16:15.722732+08:00,NA,20261008,腾讯全市场+带日期批量报价核验,18.74,NA,NA
2026-10-08T17:16:15+08:00,1,evt_ca012c6cc23f0b82,川投能源 2026三季预约披露,2026-10-14（时刻NA）,财报,NA,600674,川投能源,16.91,比较实际业绩与有来源的一致预期；预约披露不代表业绩超预期。,NA（未有可验证预期差）,落地前观察；具体买点NA，须人工复核,实际披露低于原假设、盈利质量恶化或披露延期。,NA,NA,NA,关联推断，非确定受益；官方页面本次核验通过；利空/风险：业绩不及预期风险；预约不保证实际披露日。,NA,事件观察（非高预期差池）,http://www.cninfo.com.cn/new/commonUrl?url=data/yypl,2026-10-08T17:16:15.722732+08:00,NA,20261008,腾讯全市场+带日期批量报价核验,17.83,NA,NA
2026-10-08T17:16:15+08:00,1,evt_1d06d37e98dd1251,宇通客车 2026三季预约披露,2026-10-15（时刻NA）,财报,NA,600066,宇通客车,26.89,比较实际业绩与有来源的一致预期；预约披露不代表业绩超预期。,NA（未有可验证预期差）,落地前观察；具体买点NA，须人工复核,实际披露低于原假设、盈利质量恶化或披露延期。,NA,NA,NA,关联推断，非确定受益；官方页面本次核验通过；利空/风险：业绩不及预期风险；预约不保证实际披露日。,NA,事件观察（非高预期差池）,http://www.cninfo.com.cn/new/commonUrl?url=data/yypl,2026-10-08T17:16:15.722732+08:00,NA,20261008,腾讯全市场+带日期批量报价核验,10.85,NA,NA
2026-10-08T17:16:15+08:00,1,evt_4e94732498534282,一鸣食品 2026三季预约披露,2026-10-15（时刻NA）,财报,NA,605179,一鸣食品,24.21,比较实际业绩与有来源的一致预期；预约披露不代表业绩超预期。,NA（未有可验证预期差）,落地前观察；具体买点NA，须人工复核,实际披露低于原假设、盈利质量恶化或披露延期。,NA,NA,NA,关联推断，非确定受益；官方页面本次核验通过；利空/风险：业绩不及预期风险；预约不保证实际披露日。,NA,事件观察（非高预期差池）,http://www.cninfo.com.cn/new/commonUrl?url=data/yypl,2026-10-08T17:16:15.722732+08:00,NA,20261008,腾讯全市场+带日期批量报价核验,167.42,NA,NA
2026-10-08T17:16:15+08:00,26,evt_5718b1a79d09a2ff,集成电路布图设计保护条例审查业务过渡办法施行,2026-10-15（时刻NA）,政策,半导体；集成电路；芯片,000021,深科技,33.12,关注知识产权保护规则落地及公司业务适用性；行业关联不代表新增利润或股价上涨。,NA（未有可验证预期差）,落地前观察；具体买点NA，须人工复核,官方延期、撤回或公司业务不适用；没有增量经营影响则受益逻辑不成立。,NA,NA,NA,关联推断，非确定受益；官方页面本次核验通过；利空/风险：保护加强也可能增加合规或许可成本，影响方向待核实。,NA,事件观察（非高预期差池）,https://www.cnipa.gov.cn/art/2026/9/30/art_527_208225.html?xxgkhide=1,2026-10-08T17:16:15.722732+08:00,"消费电子[申万二级行业:index_component_sw@20260922,本地历史清单]；消费电子零部件及组装[申万三级行业:申万三级(乐咕)@20260923,本地历史清单]；半导体-存储封测；存储芯片/先进封装(绑长鑫、HBM封测)[人工题材白名单:本地白名单@20260921,本地历史清单]",20261008,腾讯全市场+带日期批量报价核验,42.77,NA,NA
2026-10-08T17:16:15+08:00,26,evt_5718b1a79d09a2ff,集成电路布图设计保护条例审查业务过渡办法施行,2026-10-15（时刻NA）,政策,半导体；集成电路；芯片,000733,振华科技,38.5,关注知识产权保护规则落地及公司业务适用性；行业关联不代表新增利润或股价上涨。,NA（未有可验证预期差）,落地前观察；具体买点NA，须人工复核,官方延期、撤回或公司业务不适用；没有增量经营影响则受益逻辑不成立。,NA,NA,NA,关联推断，非确定受益；官方页面本次核验通过；利空/风险：保护加强也可能增加合规或许可成本，影响方向待核实。,NA,事件观察（非高预期差池）,https://www.cnipa.gov.cn/art/2026/9/30/art_527_208225.html?xxgkhide=1,2026-10-08T17:16:15.722732+08:00,"军工电子Ⅱ[申万二级行业:index_component_sw@20260922,本地历史清单]；MLCC概念[概念，仅首屏不完整:同花顺概念首屏@20260922,本地历史清单]；军工电子Ⅲ[申万三级行业:申万三级(乐咕)@20260923,本地历史清单]；军工电子-被动元件；军用MLCC/片式容阻感/半导体元器件[人工题材白名单:本地白名单@20260921,本地历史清单]",20261008,腾讯全市场+带日期批量报价核验,22.23,NA,NA
2026-10-08T17:16:15+08:00,26,evt_5718b1a79d09a2ff,集成电路布图设计保护条例审查业务过渡办法施行,2026-10-15（时刻NA）,政策,半导体；集成电路；芯片,002077,大港股份,13.19,关注知识产权保护规则落地及公司业务适用性；行业关联不代表新增利润或股价上涨。,NA（未有可验证预期差）,落地前观察；具体买点NA，须人工复核,官方延期、撤回或公司业务不适用；没有增量经营影响则受益逻辑不成立。,NA,NA,NA,关联推断，非确定受益；官方页面本次核验通过；利空/风险：保护加强也可能增加合规或许可成本，影响方向待核实。,NA,事件观察（非高预期差池）,https://www.cnipa.gov.cn/art/2026/9/30/art_527_208225.html?xxgkhide=1,2026-10-08T17:16:15.722732+08:00,"半导体[申万二级行业:index_component_sw@20260922,本地历史清单]；集成电路封测[申万三级行业:申万三级(乐咕)@20260923,本地历史清单]",20261008,腾讯全市场+带日期批量报价核验,100.82,NA,NA
2026-10-08T17:16:15+08:00,26,evt_5718b1a79d09a2ff,集成电路布图设计保护条例审查业务过渡办法施行,2026-10-15（时刻NA）,政策,半导体；集成电路；芯片,002079,苏州固锝,8.28,关注知识产权保护规则落地及公司业务适用性；行业关联不代表新增利润或股价上涨。,NA（未有可验证预期差）,落地前观察；具体买点NA，须人工复核,官方延期、撤回或公司业务不适用；没有增量经营影响则受益逻辑不成立。,NA,NA,NA,关联推断，非确定受益；官方页面本次核验通过；利空/风险：保护加强也可能增加合规或许可成本，影响方向待核实。,NA,事件观察（非高预期差池）,https://www.cnipa.gov.cn/art/2026/9/30/art_527_208225.html?xxgkhide=1,2026-10-08T17:16:15.722732+08:00,"物联网[概念:stock_sector_detail@20260923,本地历史清单]",20261008,腾讯全市场+带日期批量报价核验,70.28,NA,NA
2026-10-08T17:16:15+08:00,26,evt_5718b1a79d09a2ff,集成电路布图设计保护条例审查业务过渡办法施行,2026-10-15（时刻NA）,政策,半导体；集成电路；芯片,002119,康强电子,25.07,关注知识产权保护规则落地及公司业务适用性；行业关联不代表新增利润或股价上涨。,NA（未有可验证预期差）,落地前观察；具体买点NA，须人工复核,官方延期、撤回或公司业务不适用；没有增量经营影响则受益逻辑不成立。,NA,NA,NA,关联推断，非确定受益；官方页面本次核验通过；利空/风险：保护加强也可能增加合规或许可成本，影响方向待核实。,NA,事件观察（非高预期差池）,https://www.cnipa.gov.cn/art/2026/9/30/art_527_208225.html?xxgkhide=1,2026-10-08T17:16:15.722732+08:00,"半导体[申万二级行业:index_component_sw@20260922,本地历史清单]；半导体材料[申万三级行业:申万三级(乐咕)@20260923,本地历史清单]",20261008,腾讯全市场+带日期批量报价核验,78.21,NA,NA
2026-10-08T17:16:15+08:00,26,evt_5718b1a79d09a2ff,集成电路布图设计保护条例审查业务过渡办法施行,2026-10-15（时刻NA）,政策,半导体；集成电路；芯片,002185,华天科技,16.03,关注知识产权保护规则落地及公司业务适用性；行业关联不代表新增利润或股价上涨。,NA（未有可验证预期差）,落地前观察；具体买点NA，须人工复核,官方延期、撤回或公司业务不适用；没有增量经营影响则受益逻辑不成立。,NA,NA,NA,关联推断，非确定受益；官方页面本次核验通过；利空/风险：保护加强也可能增加合规或许可成本，影响方向待核实。,NA,事件观察（非高预期差池）,https://www.cnipa.gov.cn/art/2026/9/30/art_527_208225.html?xxgkhide=1,2026-10-08T17:16:15.722732+08:00,"半导体[申万二级行业:index_component_sw@20260922,本地历史清单]；华为海思[概念:stock_sector_detail@20260923,本地历史清单]；集成电路封测[申万三级行业:申万三级(乐咕)@20260923,本地历史清单]；半导体-集成电路封测；先进封装/封测[人工题材白名单:本地白名单@20260921,本地历史清单]",20261008,腾讯全市场+带日期批量报价核验,41.1,NA,NA
2026-10-08T17:16:15+08:00,26,evt_5718b1a79d09a2ff,集成电路布图设计保护条例审查业务过渡办法施行,2026-10-15（时刻NA）,政策,半导体；集成电路；芯片,002213,大为股份,26.07,关注知识产权保护规则落地及公司业务适用性；行业关联不代表新增利润或股价上涨。,NA（未有可验证预期差）,落地前观察；具体买点NA，须人工复核,官方延期、撤回或公司业务不适用；没有增量经营影响则受益逻辑不成立。,NA,NA,NA,关联推断，非确定受益；官方页面本次核验通过；利空/风险：保护加强也可能增加合规或许可成本，影响方向待核实。,NA,事件观察（非高预期差池）,https://www.cnipa.gov.cn/art/2026/9/30/art_527_208225.html?xxgkhide=1,2026-10-08T17:16:15.722732+08:00,"半导体[申万二级行业:index_component_sw@20260922,本地历史清单]；数字芯片设计[申万三级行业:申万三级(乐咕)@20260923,本地历史清单]",20261008,腾讯全市场+带日期批量报价核验,317.16,NA,NA
2026-10-08T17:16:15+08:00,26,evt_5718b1a79d09a2ff,集成电路布图设计保护条例审查业务过渡办法施行,2026-10-15（时刻NA）,政策,半导体；集成电路；芯片,002402,和而泰,17.52,关注知识产权保护规则落地及公司业务适用性；行业关联不代表新增利润或股价上涨。,NA（未有可验证预期差）,落地前观察；具体买点NA，须人工复核,官方延期、撤回或公司业务不适用；没有增量经营影响则受益逻辑不成立。,NA,NA,NA,关联推断，非确定受益；官方页面本次核验通过；利空/风险：保护加强也可能增加合规或许可成本，影响方向待核实。,NA,事件观察（非高预期差池）,https://www.cnipa.gov.cn/art/2026/9/30/art_527_208225.html?xxgkhide=1,2026-10-08T17:16:15.722732+08:00,"消费电子[申万二级行业:index_component_sw@20260922,本地历史清单]；物联网[概念:stock_sector_detail@20260923,本地历史清单]；消费电子零部件及组装[申万三级行业:申万三级(乐咕)@20260923,本地历史清单]",20261008,腾讯全市场+带日期批量报价核验,29.44,NA,NA
2026-10-08T17:16:15+08:00,26,evt_5718b1a79d09a2ff,集成电路布图设计保护条例审查业务过渡办法施行,2026-10-15（时刻NA）,政策,半导体；集成电路；芯片,002414,高德红外,11.2,关注知识产权保护规则落地及公司业务适用性；行业关联不代表新增利润或股价上涨。,NA（未有可验证预期差）,落地前观察；具体买点NA，须人工复核,官方延期、撤回或公司业务不适用；没有增量经营影响则受益逻辑不成立。,NA,NA,NA,关联推断，非确定受益；官方页面本次核验通过；利空/风险：保护加强也可能增加合规或许可成本，影响方向待核实。,NA,事件观察（非高预期差池）,https://www.cnipa.gov.cn/art/2026/9/30/art_527_208225.html?xxgkhide=1,2026-10-08T17:16:15.722732+08:00,"军工电子Ⅱ[申万二级行业:index_component_sw@20260922,本地历史清单]；军工电子Ⅲ[申万三级行业:申万三级(乐咕)@20260923,本地历史清单]",20261008,腾讯全市场+带日期批量报价核验,25.77,NA,NA
2026-10-08T17:16:15+08:00,26,evt_5718b1a79d09a2ff,集成电路布图设计保护条例审查业务过渡办法施行,2026-10-15（时刻NA）,政策,半导体；集成电路；芯片,002436,兴森科技,40.41,关注知识产权保护规则落地及公司业务适用性；行业关联不代表新增利润或股价上涨。,NA（未有可验证预期差）,落地前观察；具体买点NA，须人工复核,官方延期、撤回或公司业务不适用；没有增量经营影响则受益逻辑不成立。,NA,NA,NA,关联推断，非确定受益；官方页面本次核验通过；利空/风险：保护加强也可能增加合规或许可成本，影响方向待核实。,NA,事件观察（非高预期差池）,https://www.cnipa.gov.cn/art/2026/9/30/art_527_208225.html?xxgkhide=1,2026-10-08T17:16:15.722732+08:00,"华为海思[概念:stock_sector_detail@20260923,本地历史清单]；印制电路板[申万三级行业:申万三级(乐咕)@20260923,本地历史清单]",20261008,腾讯全市场+带日期批量报价核验,317.07,NA,NA
2026-10-08T17:16:15+08:00,26,evt_5718b1a79d09a2ff,集成电路布图设计保护条例审查业务过渡办法施行,2026-10-15（时刻NA）,政策,半导体；集成电路；芯片,002967,广电计量,17.08,关注知识产权保护规则落地及公司业务适用性；行业关联不代表新增利润或股价上涨。,NA（未有可验证预期差）,落地前观察；具体买点NA，须人工复核,官方延期、撤回或公司业务不适用；没有增量经营影响则受益逻辑不成立。,NA,NA,NA,关联推断，非确定受益；官方页面本次核验通过；利空/风险：保护加强也可能增加合规或许可成本，影响方向待核实。,NA,事件观察（非高预期差池）,https://www.cnipa.gov.cn/art/2026/9/30/art_527_208225.html?xxgkhide=1,2026-10-08T17:16:15.722732+08:00,"华为海思[概念:stock_sector_detail@20260923,本地历史清单]",20261008,腾讯全市场+带日期批量报价核验,24.33,NA,NA
2026-10-08T17:16:15+08:00,26,evt_5718b1a79d09a2ff,集成电路布图设计保护条例审查业务过渡办法施行,2026-10-15（时刻NA）,政策,半导体；集成电路；芯片,003026,中晶科技,30.85,关注知识产权保护规则落地及公司业务适用性；行业关联不代表新增利润或股价上涨。,NA（未有可验证预期差）,落地前观察；具体买点NA，须人工复核,官方延期、撤回或公司业务不适用；没有增量经营影响则受益逻辑不成立。,NA,NA,NA,关联推断，非确定受益；官方页面本次核验通过；利空/风险：保护加强也可能增加合规或许可成本，影响方向待核实。,NA,事件观察（非高预期差池）,https://www.cnipa.gov.cn/art/2026/9/30/art_527_208225.html?xxgkhide=1,2026-10-08T17:16:15.722732+08:00,"半导体[申万二级行业:index_component_sw@20260922,本地历史清单]；半导体材料[申万三级行业:申万三级(乐咕)@20260923,本地历史清单]",20261008,腾讯全市场+带日期批量报价核验,99.3,NA,NA
2026-10-08T17:16:15+08:00,26,evt_5718b1a79d09a2ff,集成电路布图设计保护条例审查业务过渡办法施行,2026-10-15（时刻NA）,政策,半导体；集成电路；芯片,600171,上海贝岭,21.3,关注知识产权保护规则落地及公司业务适用性；行业关联不代表新增利润或股价上涨。,NA（未有可验证预期差）,落地前观察；具体买点NA，须人工复核,官方延期、撤回或公司业务不适用；没有增量经营影响则受益逻辑不成立。,NA,NA,NA,关联推断，非确定受益；官方页面本次核验通过；利空/风险：保护加强也可能增加合规或许可成本，影响方向待核实。,NA,事件观察（非高预期差池）,https://www.cnipa.gov.cn/art/2026/9/30/art_527_208225.html?xxgkhide=1,2026-10-08T17:16:15.722732+08:00,"半导体[申万二级行业:index_component_sw@20260922,本地历史清单]；物联网[概念:stock_sector_detail@20260923,本地历史清单]；模拟芯片设计[申万三级行业:申万三级(乐咕)@20260923,本地历史清单]",20261008,腾讯全市场+带日期批量报价核验,69.83,NA,NA
2026-10-08T17:16:15+08:00,26,evt_5718b1a79d09a2ff,集成电路布图设计保护条例审查业务过渡办法施行,2026-10-15（时刻NA）,政策,半导体；集成电路；芯片,600206,有研新材,44.64,关注知识产权保护规则落地及公司业务适用性；行业关联不代表新增利润或股价上涨。,NA（未有可验证预期差）,落地前观察；具体买点NA，须人工复核,官方延期、撤回或公司业务不适用；没有增量经营影响则受益逻辑不成立。,NA,NA,NA,关联推断，非确定受益；官方页面本次核验通过；利空/风险：保护加强也可能增加合规或许可成本，影响方向待核实。,NA,事件观察（非高预期差池）,https://www.cnipa.gov.cn/art/2026/9/30/art_527_208225.html?xxgkhide=1,2026-10-08T17:16:15.722732+08:00,"半导体[申万二级行业:index_component_sw@20260922,本地历史清单]；半导体材料[申万三级行业:申万三级(乐咕)@20260923,本地历史清单]",20261008,腾讯全市场+带日期批量报价核验,118.84,NA,NA
2026-10-08T17:16:15+08:00,26,evt_5718b1a79d09a2ff,集成电路布图设计保护条例审查业务过渡办法施行,2026-10-15（时刻NA）,政策,半导体；集成电路；芯片,600360,华微电子,10.24,关注知识产权保护规则落地及公司业务适用性；行业关联不代表新增利润或股价上涨。,NA（未有可验证预期差）,落地前观察；具体买点NA，须人工复核,官方延期、撤回或公司业务不适用；没有增量经营影响则受益逻辑不成立。,NA,NA,NA,关联推断，非确定受益；官方页面本次核验通过；利空/风险：保护加强也可能增加合规或许可成本，影响方向待核实。,NA,事件观察（非高预期差池）,https://www.cnipa.gov.cn/art/2026/9/30/art_527_208225.html?xxgkhide=1,2026-10-08T17:16:15.722732+08:00,"半导体[申万二级行业:index_component_sw@20260922,本地历史清单]",20261008,腾讯全市场+带日期批量报价核验,53.52,NA,NA
2026-10-08T17:16:15+08:00,26,evt_5718b1a79d09a2ff,集成电路布图设计保护条例审查业务过渡办法施行,2026-10-15（时刻NA）,政策,半导体；集成电路；芯片,600460,士兰微,29.64,关注知识产权保护规则落地及公司业务适用性；行业关联不代表新增利润或股价上涨。,NA（未有可验证预期差）,落地前观察；具体买点NA，须人工复核,官方延期、撤回或公司业务不适用；没有增量经营影响则受益逻辑不成立。,NA,NA,NA,关联推断，非确定受益；官方页面本次核验通过；利空/风险：保护加强也可能增加合规或许可成本，影响方向待核实。,NA,事件观察（非高预期差池）,https://www.cnipa.gov.cn/art/2026/9/30/art_527_208225.html?xxgkhide=1,2026-10-08T17:16:15.722732+08:00,"半导体[申万二级行业:index_component_sw@20260922,本地历史清单]",20261008,腾讯全市场+带日期批量报价核验,75.92,NA,NA
2026-10-08T17:16:15+08:00,26,evt_5718b1a79d09a2ff,集成电路布图设计保护条例审查业务过渡办法施行,2026-10-15（时刻NA）,政策,半导体；集成电路；芯片,600605,汇通能源,29.1,关注知识产权保护规则落地及公司业务适用性；行业关联不代表新增利润或股价上涨。,NA（未有可验证预期差）,落地前观察；具体买点NA，须人工复核,官方延期、撤回或公司业务不适用；没有增量经营影响则受益逻辑不成立。,NA,NA,NA,关联推断，非确定受益；官方页面本次核验通过；利空/风险：保护加强也可能增加合规或许可成本，影响方向待核实。,NA,事件观察（非高预期差池）,https://www.cnipa.gov.cn/art/2026/9/30/art_527_208225.html?xxgkhide=1,2026-10-08T17:16:15.722732+08:00,"存储芯片[概念，仅首屏不完整:同花顺概念首屏@20260922,本地历史清单]",20261008,腾讯全市场+带日期批量报价核验,205.0,NA,NA
2026-10-08T17:16:15+08:00,26,evt_5718b1a79d09a2ff,集成电路布图设计保护条例审查业务过渡办法施行,2026-10-15（时刻NA）,政策,半导体；集成电路；芯片,600641,先导基电,45.32,关注知识产权保护规则落地及公司业务适用性；行业关联不代表新增利润或股价上涨。,NA（未有可验证预期差）,落地前观察；具体买点NA，须人工复核,官方延期、撤回或公司业务不适用；没有增量经营影响则受益逻辑不成立。,NA,NA,NA,关联推断，非确定受益；官方页面本次核验通过；利空/风险：保护加强也可能增加合规或许可成本，影响方向待核实。,NA,事件观察（非高预期差池）,https://www.cnipa.gov.cn/art/2026/9/30/art_527_208225.html?xxgkhide=1,2026-10-08T17:16:15.722732+08:00,"半导体[申万二级行业:index_component_sw@20260922,本地历史清单]；存储芯片[概念，仅首屏不完整:同花顺概念首屏@20260922,本地历史清单]；芯片概念[概念，仅首屏不完整:同花顺概念首屏@20260922,本地历史清单]；第三代半导体[概念，仅首屏不完整:同花顺概念首屏@20260922,本地历史清单]；半导体材料[申万三级行业:申万三级(乐咕)@20260923,本地历史清单]",20261008,腾讯全市场+带日期批量报价核验,1005.7,NA,NA
2026-10-08T17:16:15+08:00,26,evt_5718b1a79d09a2ff,集成电路布图设计保护条例审查业务过渡办法施行,2026-10-15（时刻NA）,政策,半导体；集成电路；芯片,600651,飞乐音响,4.92,关注知识产权保护规则落地及公司业务适用性；行业关联不代表新增利润或股价上涨。,NA（未有可验证预期差）,落地前观察；具体买点NA，须人工复核,官方延期、撤回或公司业务不适用；没有增量经营影响则受益逻辑不成立。,NA,NA,NA,关联推断，非确定受益；官方页面本次核验通过；利空/风险：保护加强也可能增加合规或许可成本，影响方向待核实。,NA,事件观察（非高预期差池）,https://www.cnipa.gov.cn/art/2026/9/30/art_527_208225.html?xxgkhide=1,2026-10-08T17:16:15.722732+08:00,"汽车电子电气系统[申万三级行业:申万三级(乐咕)@20260923,本地历史清单]",20261008,腾讯全市场+带日期批量报价核验,364.78,NA,NA
2026-10-08T17:16:15+08:00,26,evt_5718b1a79d09a2ff,集成电路布图设计保护条例审查业务过渡办法施行,2026-10-15（时刻NA）,政策,半导体；集成电路；芯片,600770,综艺股份,6.03,关注知识产权保护规则落地及公司业务适用性；行业关联不代表新增利润或股价上涨。,NA（未有可验证预期差）,落地前观察；具体买点NA，须人工复核,官方延期、撤回或公司业务不适用；没有增量经营影响则受益逻辑不成立。,NA,NA,NA,关联推断，非确定受益；官方页面本次核验通过；利空/风险：保护加强也可能增加合规或许可成本，影响方向待核实。,NA,事件观察（非高预期差池）,https://www.cnipa.gov.cn/art/2026/9/30/art_527_208225.html?xxgkhide=1,2026-10-08T17:16:15.722732+08:00,"第三代半导体[概念，仅首屏不完整:同花顺概念首屏@20260922,本地历史清单]；汽车芯片[概念，仅首屏不完整:同花顺概念首屏@20260922,本地历史清单]；5G概念[概念:stock_sector_detail@20260923,本地历史清单]；物联网[概念:stock_sector_detail@20260923,本地历史清单]",20261008,腾讯全市场+带日期批量报价核验,57.49,NA,NA
2026-10-08T17:16:15+08:00,26,evt_5718b1a79d09a2ff,集成电路布图设计保护条例审查业务过渡办法施行,2026-10-15（时刻NA）,政策,半导体；集成电路；芯片,600877,电科芯片,11.03,关注知识产权保护规则落地及公司业务适用性；行业关联不代表新增利润或股价上涨。,NA（未有可验证预期差）,落地前观察；具体买点NA，须人工复核,官方延期、撤回或公司业务不适用；没有增量经营影响则受益逻辑不成立。,NA,NA,NA,关联推断，非确定受益；官方页面本次核验通过；利空/风险：保护加强也可能增加合规或许可成本，影响方向待核实。,NA,事件观察（非高预期差池）,https://www.cnipa.gov.cn/art/2026/9/30/art_527_208225.html?xxgkhide=1,2026-10-08T17:16:15.722732+08:00,"半导体[申万二级行业:index_component_sw@20260922,本地历史清单]；模拟芯片设计[申万三级行业:申万三级(乐咕)@20260923,本地历史清单]",20261008,腾讯全市场+带日期批量报价核验,580.48,NA,NA
2026-10-08T17:16:15+08:00,26,evt_5718b1a79d09a2ff,集成电路布图设计保护条例审查业务过渡办法施行,2026-10-15（时刻NA）,政策,半导体；集成电路；芯片,603005,晶方科技,25.82,关注知识产权保护规则落地及公司业务适用性；行业关联不代表新增利润或股价上涨。,NA（未有可验证预期差）,落地前观察；具体买点NA，须人工复核,官方延期、撤回或公司业务不适用；没有增量经营影响则受益逻辑不成立。,NA,NA,NA,关联推断，非确定受益；官方页面本次核验通过；利空/风险：保护加强也可能增加合规或许可成本，影响方向待核实。,NA,事件观察（非高预期差池）,https://www.cnipa.gov.cn/art/2026/9/30/art_527_208225.html?xxgkhide=1,2026-10-08T17:16:15.722732+08:00,"半导体[申万二级行业:index_component_sw@20260922,本地历史清单]；集成电路封测[申万三级行业:申万三级(乐咕)@20260923,本地历史清单]",20261008,腾讯全市场+带日期批量报价核验,49.9,NA,NA
2026-10-08T17:16:15+08:00,26,evt_5718b1a79d09a2ff,集成电路布图设计保护条例审查业务过渡办法施行,2026-10-15（时刻NA）,政策,半导体；集成电路；芯片,603068,博通集成,42.44,关注知识产权保护规则落地及公司业务适用性；行业关联不代表新增利润或股价上涨。,NA（未有可验证预期差）,落地前观察；具体买点NA，须人工复核,官方延期、撤回或公司业务不适用；没有增量经营影响则受益逻辑不成立。,NA,NA,NA,关联推断，非确定受益；官方页面本次核验通过；利空/风险：保护加强也可能增加合规或许可成本，影响方向待核实。,NA,事件观察（非高预期差池）,https://www.cnipa.gov.cn/art/2026/9/30/art_527_208225.html?xxgkhide=1,2026-10-08T17:16:15.722732+08:00,"半导体[申万二级行业:index_component_sw@20260922,本地历史清单]；芯片概念[概念，仅首屏不完整:同花顺概念首屏@20260922,本地历史清单]；东数西算算力[概念，仅首屏不完整:同花顺概念首屏@20260922,本地历史清单]；汽车芯片[概念，仅首屏不完整:同花顺概念首屏@20260922,本地历史清单]；MCU芯片[概念，仅首屏不完整:同花顺概念首屏@20260922,本地历史清单]；模拟芯片设计[申万三级行业:申万三级(乐咕)@20260923,本地历史清单]",20261008,腾讯全市场+带日期批量报价核验,120.39,NA,NA
2026-10-08T17:16:15+08:00,26,evt_5718b1a79d09a2ff,集成电路布图设计保护条例审查业务过渡办法施行,2026-10-15（时刻NA）,政策,半导体；集成电路；芯片,603216,梦天家居,21.91,关注知识产权保护规则落地及公司业务适用性；行业关联不代表新增利润或股价上涨。,NA（未有可验证预期差）,落地前观察；具体买点NA，须人工复核,官方延期、撤回或公司业务不适用；没有增量经营影响则受益逻辑不成立。,NA,NA,NA,关联推断，非确定受益；官方页面本次核验通过；利空/风险：保护加强也可能增加合规或许可成本，影响方向待核实。,NA,事件观察（非高预期差池）,https://www.cnipa.gov.cn/art/2026/9/30/art_527_208225.html?xxgkhide=1,2026-10-08T17:16:15.722732+08:00,"芯片概念[概念，仅首屏不完整:同花顺概念首屏@20260922,本地历史清单]",20261008,腾讯全市场+带日期批量报价核验,79.92,NA,NA
2026-10-08T17:16:15+08:00,26,evt_5718b1a79d09a2ff,集成电路布图设计保护条例审查业务过渡办法施行,2026-10-15（时刻NA）,政策,半导体；集成电路；芯片,603353,和顺石油,37.13,关注知识产权保护规则落地及公司业务适用性；行业关联不代表新增利润或股价上涨。,NA（未有可验证预期差）,落地前观察；具体买点NA，须人工复核,官方延期、撤回或公司业务不适用；没有增量经营影响则受益逻辑不成立。,NA,NA,NA,关联推断，非确定受益；官方页面本次核验通过；利空/风险：保护加强也可能增加合规或许可成本，影响方向待核实。,NA,事件观察（非高预期差池）,https://www.cnipa.gov.cn/art/2026/9/30/art_527_208225.html?xxgkhide=1,2026-10-08T17:16:15.722732+08:00,"存储芯片[概念，仅首屏不完整:同花顺概念首屏@20260922,本地历史清单]",20261008,腾讯全市场+带日期批量报价核验,137.9,NA,NA
2026-10-08T17:16:15+08:00,26,evt_5718b1a79d09a2ff,集成电路布图设计保护条例审查业务过渡办法施行,2026-10-15（时刻NA）,政策,半导体；集成电路；芯片,605358,立昂微,42.67,关注知识产权保护规则落地及公司业务适用性；行业关联不代表新增利润或股价上涨。,NA（未有可验证预期差）,落地前观察；具体买点NA，须人工复核,官方延期、撤回或公司业务不适用；没有增量经营影响则受益逻辑不成立。,NA,NA,NA,关联推断，非确定受益；官方页面本次核验通过；利空/风险：保护加强也可能增加合规或许可成本，影响方向待核实。,NA,事件观察（非高预期差池）,https://www.cnipa.gov.cn/art/2026/9/30/art_527_208225.html?xxgkhide=1,2026-10-08T17:16:15.722732+08:00,"半导体[申万二级行业:index_component_sw@20260922,本地历史清单]；半导体材料[申万三级行业:申万三级(乐咕)@20260923,本地历史清单]",20261008,腾讯全市场+带日期批量报价核验,480.64,NA,NA
2026-10-08T17:16:15+08:00,1,evt_5b9046bcf210517c,宇通重工 2026三季预约披露,2026-10-15（时刻NA）,财报,NA,600817,宇通重工,9.85,比较实际业绩与有来源的一致预期；预约披露不代表业绩超预期。,NA（未有可验证预期差）,落地前观察；具体买点NA，须人工复核,实际披露低于原假设、盈利质量恶化或披露延期。,NA,NA,NA,关联推断，非确定受益；官方页面本次核验通过；利空/风险：业绩不及预期风险；预约不保证实际披露日。,NA,事件观察（非高预期差池）,http://www.cninfo.com.cn/new/commonUrl?url=data/yypl,2026-10-08T17:16:15.722732+08:00,NA,20261008,腾讯全市场+带日期批量报价核验,17.92,NA,NA
2026-10-08T17:16:15+08:00,1,evt_5d5b58ef66deb3ff,联科科技 2026三季预约披露,2026-10-15（时刻NA）,财报,NA,001207,联科科技,18.79,比较实际业绩与有来源的一致预期；预约披露不代表业绩超预期。,NA（未有可验证预期差）,落地前观察；具体买点NA，须人工复核,实际披露低于原假设、盈利质量恶化或披露延期。,NA,NA,NA,关联推断，非确定受益；官方页面本次核验通过；利空/风险：业绩不及预期风险；预约不保证实际披露日。,NA,事件观察（非高预期差池）,http://www.cninfo.com.cn/new/commonUrl?url=data/yypl,2026-10-08T17:16:15.722732+08:00,NA,20261008,腾讯全市场+带日期批量报价核验,19.3,NA,NA
2026-10-08T17:16:15+08:00,1,evt_0f01d283f66e7209,国光连锁 2026三季预约披露,2026-10-16（时刻NA）,财报,NA,605188,国光连锁,12.58,比较实际业绩与有来源的一致预期；预约披露不代表业绩超预期。,NA（未有可验证预期差）,落地前观察；具体买点NA，须人工复核,实际披露低于原假设、盈利质量恶化或披露延期。,NA,NA,NA,关联推断，非确定受益；官方页面本次核验通过；利空/风险：业绩不及预期风险；预约不保证实际披露日。,NA,事件观察（非高预期差池）,http://www.cninfo.com.cn/new/commonUrl?url=data/yypl,2026-10-08T17:16:15.722732+08:00,NA,20261008,腾讯全市场+带日期批量报价核验,367.2,NA,NA
2026-10-08T17:16:15+08:00,1,evt_32d9e0bf4d60db10,海通发展 2026三季预约披露,2026-10-16（时刻NA）,财报,NA,603162,海通发展,13.5,比较实际业绩与有来源的一致预期；预约披露不代表业绩超预期。,NA（未有可验证预期差）,落地前观察；具体买点NA，须人工复核,实际披露低于原假设、盈利质量恶化或披露延期。,NA,NA,NA,关联推断，非确定受益；官方页面本次核验通过；利空/风险：业绩不及预期风险；预约不保证实际披露日。,NA,事件观察（非高预期差池）,http://www.cninfo.com.cn/new/commonUrl?url=data/yypl,2026-10-08T17:16:15.722732+08:00,NA,20261008,腾讯全市场+带日期批量报价核验,20.59,NA,NA
2026-10-08T17:16:15+08:00,1,evt_3c81af6912182e8f,高能环境 2026三季预约披露,2026-10-16（时刻NA）,财报,NA,603588,高能环境,15.74,比较实际业绩与有来源的一致预期；预约披露不代表业绩超预期。,NA（未有可验证预期差）,落地前观察；具体买点NA，须人工复核,实际披露低于原假设、盈利质量恶化或披露延期。,NA,NA,NA,关联推断，非确定受益；官方页面本次核验通过；利空/风险：业绩不及预期风险；预约不保证实际披露日。,NA,事件观察（非高预期差池）,http://www.cninfo.com.cn/new/commonUrl?url=data/yypl,2026-10-08T17:16:15.722732+08:00,NA,20261008,腾讯全市场+带日期批量报价核验,17.66,NA,NA
2026-10-08T17:16:15+08:00,1,evt_43486584ca573302,兆新股份 2026三季预约披露,2026-10-16（时刻NA）,财报,NA,002256,兆新股份,3.15,比较实际业绩与有来源的一致预期；预约披露不代表业绩超预期。,NA（未有可验证预期差）,落地前观察；具体买点NA，须人工复核,实际披露低于原假设、盈利质量恶化或披露延期。,NA,NA,NA,关联推断，非确定受益；官方页面本次核验通过；利空/风险：业绩不及预期风险；预约不保证实际披露日。,NA,事件观察（非高预期差池）,http://www.cninfo.com.cn/new/commonUrl?url=data/yypl,2026-10-08T17:16:15.722732+08:00,NA,20261008,腾讯全市场+带日期批量报价核验,148.8,NA,NA
2026-10-08T17:16:15+08:00,1,evt_7372acc892074412,海天股份 2026三季预约披露,2026-10-16（时刻NA）,财报,NA,603759,海天股份,8.15,比较实际业绩与有来源的一致预期；预约披露不代表业绩超预期。,NA（未有可验证预期差）,落地前观察；具体买点NA，须人工复核,实际披露低于原假设、盈利质量恶化或披露延期。,NA,NA,NA,关联推断，非确定受益；官方页面本次核验通过；利空/风险：业绩不及预期风险；预约不保证实际披露日。,NA,事件观察（非高预期差池）,http://www.cninfo.com.cn/new/commonUrl?url=data/yypl,2026-10-08T17:16:15.722732+08:00,NA,20261008,腾讯全市场+带日期批量报价核验,25.22,NA,NA
2026-10-08T17:16:15+08:00,1,evt_b00a722dd8e50a97,中铝国际 2026三季预约披露,2026-10-16（时刻NA）,财报,NA,601068,中铝国际,4.44,比较实际业绩与有来源的一致预期；预约披露不代表业绩超预期。,NA（未有可验证预期差）,落地前观察；具体买点NA，须人工复核,实际披露低于原假设、盈利质量恶化或披露延期。,NA,NA,NA,关联推断，非确定受益；官方页面本次核验通过；利空/风险：业绩不及预期风险；预约不保证实际披露日。,NA,事件观察（非高预期差池）,http://www.cninfo.com.cn/new/commonUrl?url=data/yypl,2026-10-08T17:16:15.722732+08:00,NA,20261008,腾讯全市场+带日期批量报价核验,50.6,NA,NA
2026-10-08T17:16:15+08:00,1,evt_cef948df27e0fc6a,赣锋锂业 2026三季预约披露,2026-10-16（时刻NA）,财报,NA,002460,赣锋锂业,44.21,比较实际业绩与有来源的一致预期；预约披露不代表业绩超预期。,NA（未有可验证预期差）,落地前观察；具体买点NA，须人工复核,实际披露低于原假设、盈利质量恶化或披露延期。,NA,NA,NA,关联推断，非确定受益；官方页面本次核验通过；利空/风险：业绩不及预期风险；预约不保证实际披露日。,NA,事件观察（非高预期差池）,http://www.cninfo.com.cn/new/commonUrl?url=data/yypl,2026-10-08T17:16:15.722732+08:00,NA,20261008,腾讯全市场+带日期批量报价核验,14.48,NA,NA
2026-10-08T17:16:15+08:00,1,evt_327e90107bac805b,卫星化学 2026三季预约披露,2026-10-17（时刻NA）,财报,NA,002648,卫星化学,27.36,比较实际业绩与有来源的一致预期；预约披露不代表业绩超预期。,NA（未有可验证预期差）,落地前观察；具体买点NA，须人工复核,实际披露低于原假设、盈利质量恶化或披露延期。,NA,NA,NA,关联推断，非确定受益；官方页面本次核验通过；利空/风险：业绩不及预期风险；预约不保证实际披露日。,NA,事件观察（非高预期差池）,http://www.cninfo.com.cn/new/commonUrl?url=data/yypl,2026-10-08T17:16:15.722732+08:00,NA,20261008,腾讯全市场+带日期批量报价核验,10.48,NA,NA
2026-10-08T17:16:15+08:00,1,evt_486a1f45d0fb85be,圣农发展 2026三季预约披露,2026-10-17（时刻NA）,财报,NA,002299,圣农发展,15.68,比较实际业绩与有来源的一致预期；预约披露不代表业绩超预期。,NA（未有可验证预期差）,落地前观察；具体买点NA，须人工复核,实际披露低于原假设、盈利质量恶化或披露延期。,NA,NA,NA,关联推断，非确定受益；官方页面本次核验通过；利空/风险：业绩不及预期风险；预约不保证实际披露日。,NA,事件观察（非高预期差池）,http://www.cninfo.com.cn/new/commonUrl?url=data/yypl,2026-10-08T17:16:15.722732+08:00,NA,20261008,腾讯全市场+带日期批量报价核验,20.04,NA,NA
2026-10-08T17:16:15+08:00,1,evt_4af2264365a1654e,金洲管道 2026三季预约披露,2026-10-17（时刻NA）,财报,NA,002443,金洲管道,12.45,比较实际业绩与有来源的一致预期；预约披露不代表业绩超预期。,NA（未有可验证预期差）,落地前观察；具体买点NA，须人工复核,实际披露低于原假设、盈利质量恶化或披露延期。,NA,NA,NA,关联推断，非确定受益；官方页面本次核验通过；利空/风险：业绩不及预期风险；预约不保证实际披露日。,NA,事件观察（非高预期差池）,http://www.cninfo.com.cn/new/commonUrl?url=data/yypl,2026-10-08T17:16:15.722732+08:00,NA,20261008,腾讯全市场+带日期批量报价核验,39.12,NA,NA
2026-10-08T17:16:15+08:00,1,evt_7837b5a0afde99b7,海康威视 2026三季预约披露,2026-10-17（时刻NA）,财报,NA,002415,海康威视,33.0,比较实际业绩与有来源的一致预期；预约披露不代表业绩超预期。,NA（未有可验证预期差）,落地前观察；具体买点NA，须人工复核,实际披露低于原假设、盈利质量恶化或披露延期。,NA,NA,NA,关联推断，非确定受益；官方页面本次核验通过；利空/风险：业绩不及预期风险；预约不保证实际披露日。,NA,事件观察（非高预期差池）,http://www.cninfo.com.cn/new/commonUrl?url=data/yypl,2026-10-08T17:16:15.722732+08:00,NA,20261008,腾讯全市场+带日期批量报价核验,18.4,NA,NA
2026-10-08T17:16:15+08:00,1,evt_8ebaa674ce359060,爱施德 2026三季预约披露,2026-10-17（时刻NA）,财报,NA,002416,爱施德,8.92,比较实际业绩与有来源的一致预期；预约披露不代表业绩超预期。,NA（未有可验证预期差）,落地前观察；具体买点NA，须人工复核,实际披露低于原假设、盈利质量恶化或披露延期。,NA,NA,NA,关联推断，非确定受益；官方页面本次核验通过；利空/风险：业绩不及预期风险；预约不保证实际披露日。,NA,事件观察（非高预期差池）,http://www.cninfo.com.cn/new/commonUrl?url=data/yypl,2026-10-08T17:16:15.722732+08:00,NA,20261008,腾讯全市场+带日期批量报价核验,55.47,NA,NA
2026-10-08T17:16:15+08:00,1,evt_df1eca2f9cb090fe,金徽股份 2026三季预约披露,2026-10-17（时刻NA）,财报,NA,603132,金徽股份,17.86,比较实际业绩与有来源的一致预期；预约披露不代表业绩超预期。,NA（未有可验证预期差）,落地前观察；具体买点NA，须人工复核,实际披露低于原假设、盈利质量恶化或披露延期。,NA,NA,NA,关联推断，非确定受益；官方页面本次核验通过；利空/风险：业绩不及预期风险；预约不保证实际披露日。,NA,事件观察（非高预期差池）,http://www.cninfo.com.cn/new/commonUrl?url=data/yypl,2026-10-08T17:16:15.722732+08:00,NA,20261008,腾讯全市场+带日期批量报价核验,25.03,NA,NA
2026-10-08T17:16:15+08:00,1,evt_fb2fc418298d9734,永太科技 2026三季预约披露,2026-10-17（时刻NA）,财报,NA,002326,永太科技,16.61,比较实际业绩与有来源的一致预期；预约披露不代表业绩超预期。,NA（未有可验证预期差）,落地前观察；具体买点NA，须人工复核,实际披露低于原假设、盈利质量恶化或披露延期。,NA,NA,NA,关联推断，非确定受益；官方页面本次核验通过；利空/风险：业绩不及预期风险；预约不保证实际披露日。,NA,事件观察（非高预期差池）,http://www.cninfo.com.cn/new/commonUrl?url=data/yypl,2026-10-08T17:16:15.722732+08:00,NA,20261008,腾讯全市场+带日期批量报价核验,90.95,NA,NA
2026-10-08T17:16:15+08:00,0,evt_28d984079a6d59fc,固定资产投资（不含农户）月度报告,2026-10-19 10:00,宏观,NA,NA,NA,NA,观察公布值相对可核验一致预期的差异；发布日程不代表利好。,NA（未有可验证预期差）,落地前观察；具体买点NA，须人工复核,官方延期或实际值不支持原预期；方向和受益个股待核实。,NA,NA,NA,事件保留，暂无通过价格/PE/日期核验的关联标的；官方页面本次核验通过；利空/风险：NA，未核实；不等于不存在利空,NA,事件观察（非高预期差池）,https://www.stats.gov.cn/xw/tjxw/tzgg/202512/t20251224_1962137.html,2026-10-08T17:16:15.722732+08:00,NA,NA,NA,NA,NA,NA
2026-10-08T17:16:15+08:00,0,evt_2bc54fa96b8fcd39,房地产开发和销售情况月度报告,2026-10-19 10:00,宏观,NA,NA,NA,NA,观察公布值相对可核验一致预期的差异；发布日程不代表利好。,NA（未有可验证预期差）,落地前观察；具体买点NA，须人工复核,官方延期或实际值不支持原预期；方向和受益个股待核实。,NA,NA,NA,事件保留，暂无通过价格/PE/日期核验的关联标的；官方页面本次核验通过；利空/风险：NA，未核实；不等于不存在利空,NA,事件观察（非高预期差池）,https://www.stats.gov.cn/xw/tjxw/tzgg/202512/t20251224_1962137.html,2026-10-08T17:16:15.722732+08:00,NA,NA,NA,NA,NA,NA
2026-10-08T17:16:15+08:00,0,evt_3b66fefea78798b7,社会消费品零售总额月度报告,2026-10-19 10:00,宏观,NA,NA,NA,NA,观察公布值相对可核验一致预期的差异；发布日程不代表利好。,NA（未有可验证预期差）,落地前观察；具体买点NA，须人工复核,官方延期或实际值不支持原预期；方向和受益个股待核实。,NA,NA,NA,事件保留，暂无通过价格/PE/日期核验的关联标的；官方页面本次核验通过；利空/风险：NA，未核实；不等于不存在利空,NA,事件观察（非高预期差池）,https://www.stats.gov.cn/xw/tjxw/tzgg/202512/t20251224_1962137.html,2026-10-08T17:16:15.722732+08:00,NA,NA,NA,NA,NA,NA
2026-10-08T17:16:15+08:00,0,evt_3bb491ed535df19e,能源生产情况月度报告,2026-10-19 10:00,宏观,NA,NA,NA,NA,观察公布值相对可核验一致预期的差异；发布日程不代表利好。,NA（未有可验证预期差）,落地前观察；具体买点NA，须人工复核,官方延期或实际值不支持原预期；方向和受益个股待核实。,NA,NA,NA,事件保留，暂无通过价格/PE/日期核验的关联标的；官方页面本次核验通过；利空/风险：NA，未核实；不等于不存在利空,NA,事件观察（非高预期差池）,https://www.stats.gov.cn/xw/tjxw/tzgg/202512/t20251224_1962137.html,2026-10-08T17:16:15.722732+08:00,NA,NA,NA,NA,NA,NA
2026-10-08T17:16:15+08:00,0,evt_6d89c97dc05fa5f9,全国居民收支情况季度报告,2026-10-19 10:00,宏观,NA,NA,NA,NA,观察公布值相对可核验一致预期的差异；发布日程不代表利好。,NA（未有可验证预期差）,落地前观察；具体买点NA，须人工复核,官方延期或实际值不支持原预期；方向和受益个股待核实。,NA,NA,NA,事件保留，暂无通过价格/PE/日期核验的关联标的；官方页面本次核验通过；利空/风险：NA，未核实；不等于不存在利空,NA,事件观察（非高预期差池）,https://www.stats.gov.cn/xw/tjxw/tzgg/202512/t20251224_1962137.html,2026-10-08T17:16:15.722732+08:00,NA,NA,NA,NA,NA,NA
2026-10-08T17:16:15+08:00,0,evt_7dcf51c4bb96a20d,全国工业产能利用率季度报告,2026-10-19 10:00,宏观,NA,NA,NA,NA,观察公布值相对可核验一致预期的差异；发布日程不代表利好。,NA（未有可验证预期差）,落地前观察；具体买点NA，须人工复核,官方延期或实际值不支持原预期；方向和受益个股待核实。,NA,NA,NA,事件保留，暂无通过价格/PE/日期核验的关联标的；官方页面本次核验通过；利空/风险：NA，未核实；不等于不存在利空,NA,事件观察（非高预期差池）,https://www.stats.gov.cn/xw/tjxw/tzgg/202512/t20251224_1962137.html,2026-10-08T17:16:15.722732+08:00,NA,NA,NA,NA,NA,NA
2026-10-08T17:16:15+08:00,0,evt_9fab9580b1510287,规模以上工业生产月度报告,2026-10-19 10:00,宏观,NA,NA,NA,NA,观察公布值相对可核验一致预期的差异；发布日程不代表利好。,NA（未有可验证预期差）,落地前观察；具体买点NA，须人工复核,官方延期或实际值不支持原预期；方向和受益个股待核实。,NA,NA,NA,事件保留，暂无通过价格/PE/日期核验的关联标的；官方页面本次核验通过；利空/风险：NA，未核实；不等于不存在利空,NA,事件观察（非高预期差池）,https://www.stats.gov.cn/xw/tjxw/tzgg/202512/t20251224_1962137.html,2026-10-08T17:16:15.722732+08:00,NA,NA,NA,NA,NA,NA
2026-10-08T17:16:15+08:00,0,evt_b4265331672f2dfd,国民经济运行情况,2026-10-19 10:00,宏观,NA,NA,NA,NA,观察公布值相对可核验一致预期的差异；发布日程不代表利好。,NA（未有可验证预期差）,落地前观察；具体买点NA，须人工复核,官方延期或实际值不支持原预期；方向和受益个股待核实。,NA,NA,NA,事件保留，暂无通过价格/PE/日期核验的关联标的；官方页面本次核验通过；利空/风险：NA，未核实；不等于不存在利空,NA,事件观察（非高预期差池）,https://www.stats.gov.cn/xw/tjxw/tzgg/202512/t20251224_1962137.html,2026-10-08T17:16:15.722732+08:00,NA,NA,NA,NA,NA,NA
2026-10-08T17:16:15+08:00,1,evt_04cef1062ec0eac0,物产金轮 2026三季预约披露,2026-10-20（时刻NA）,财报,NA,002722,物产金轮,13.22,比较实际业绩与有来源的一致预期；预约披露不代表业绩超预期。,NA（未有可验证预期差）,落地前观察；具体买点NA，须人工复核,实际披露低于原假设、盈利质量恶化或披露延期。,NA,NA,NA,关联推断，非确定受益；官方页面本次核验通过；利空/风险：业绩不及预期风险；预约不保证实际披露日。,NA,事件观察（非高预期差池）,http://www.cninfo.com.cn/new/commonUrl?url=data/yypl,2026-10-08T17:16:15.722732+08:00,NA,20261008,腾讯全市场+带日期批量报价核验,16.62,NA,NA
2026-10-08T17:16:15+08:00,1,evt_0a627df40cc7d68d,汇通能源 2026三季预约披露,2026-10-20（时刻NA）,财报,NA,600605,汇通能源,29.1,比较实际业绩与有来源的一致预期；预约披露不代表业绩超预期。,NA（未有可验证预期差）,落地前观察；具体买点NA，须人工复核,实际披露低于原假设、盈利质量恶化或披露延期。,NA,NA,NA,关联推断，非确定受益；官方页面本次核验通过；利空/风险：业绩不及预期风险；预约不保证实际披露日。,NA,事件观察（非高预期差池）,http://www.cninfo.com.cn/new/commonUrl?url=data/yypl,2026-10-08T17:16:15.722732+08:00,"存储芯片[概念，仅首屏不完整:同花顺概念首屏@20260922,本地历史清单]",20261008,腾讯全市场+带日期批量报价核验,205.0,NA,NA
2026-10-08T17:16:15+08:00,1,evt_0aa7fb83b9799739,艾迪精密 2026三季预约披露,2026-10-20（时刻NA）,财报,NA,603638,艾迪精密,19.79,比较实际业绩与有来源的一致预期；预约披露不代表业绩超预期。,NA（未有可验证预期差）,落地前观察；具体买点NA，须人工复核,实际披露低于原假设、盈利质量恶化或披露延期。,NA,NA,NA,关联推断，非确定受益；官方页面本次核验通过；利空/风险：业绩不及预期风险；预约不保证实际披露日。,NA,事件观察（非高预期差池）,http://www.cninfo.com.cn/new/commonUrl?url=data/yypl,2026-10-08T17:16:15.722732+08:00,NA,20261008,腾讯全市场+带日期批量报价核验,35.39,NA,NA
2026-10-08T17:16:15+08:00,1,evt_0dce41299912f0e7,神火股份 2026三季预约披露,2026-10-20（时刻NA）,财报,NA,000933,神火股份,26.4,比较实际业绩与有来源的一致预期；预约披露不代表业绩超预期。,NA（未有可验证预期差）,落地前观察；具体买点NA，须人工复核,实际披露低于原假设、盈利质量恶化或披露延期。,NA,NA,NA,关联推断，非确定受益；官方页面本次核验通过；利空/风险：业绩不及预期风险；预约不保证实际披露日。,NA,事件观察（非高预期差池）,http://www.cninfo.com.cn/new/commonUrl?url=data/yypl,2026-10-08T17:16:15.722732+08:00,NA,20261008,腾讯全市场+带日期批量报价核验,8.63,NA,NA
2026-10-08T17:16:15+08:00,1,evt_14d339b394cf97bc,宁波海运 2026三季预约披露,2026-10-20（时刻NA）,财报,NA,600798,宁波海运,3.47,比较实际业绩与有来源的一致预期；预约披露不代表业绩超预期。,NA（未有可验证预期差）,落地前观察；具体买点NA，须人工复核,实际披露低于原假设、盈利质量恶化或披露延期。,NA,NA,NA,关联推断，非确定受益；官方页面本次核验通过；利空/风险：业绩不及预期风险；预约不保证实际披露日。,NA,事件观察（非高预期差池）,http://www.cninfo.com.cn/new/commonUrl?url=data/yypl,2026-10-08T17:16:15.722732+08:00,NA,20261008,腾讯全市场+带日期批量报价核验,73.17,NA,NA
2026-10-08T17:16:15+08:00,1,evt_1e3f1d409685fa83,丽江股份 2026三季预约披露,2026-10-20（时刻NA）,财报,NA,002033,丽江股份,8.16,比较实际业绩与有来源的一致预期；预约披露不代表业绩超预期。,NA（未有可验证预期差）,落地前观察；具体买点NA，须人工复核,实际披露低于原假设、盈利质量恶化或披露延期。,NA,NA,NA,关联推断，非确定受益；官方页面本次核验通过；利空/风险：业绩不及预期风险；预约不保证实际披露日。,NA,事件观察（非高预期差池）,http://www.cninfo.com.cn/new/commonUrl?url=data/yypl,2026-10-08T17:16:15.722732+08:00,NA,20261008,腾讯全市场+带日期批量报价核验,17.81,NA,NA
2026-10-08T17:16:15+08:00,1,evt_252e19271c74ce91,物产环能 2026三季预约披露,2026-10-20（时刻NA）,财报,NA,603071,物产环能,12.53,比较实际业绩与有来源的一致预期；预约披露不代表业绩超预期。,NA（未有可验证预期差）,落地前观察；具体买点NA，须人工复核,实际披露低于原假设、盈利质量恶化或披露延期。,NA,NA,NA,关联推断，非确定受益；官方页面本次核验通过；利空/风险：业绩不及预期风险；预约不保证实际披露日。,NA,事件观察（非高预期差池）,http://www.cninfo.com.cn/new/commonUrl?url=data/yypl,2026-10-08T17:16:15.722732+08:00,NA,20261008,腾讯全市场+带日期批量报价核验,10.02,NA,NA
2026-10-08T17:16:15+08:00,1,evt_2d766bad9205eb9c,共达电声 2026三季预约披露,2026-10-20（时刻NA）,财报,NA,002655,共达电声,31.07,比较实际业绩与有来源的一致预期；预约披露不代表业绩超预期。,NA（未有可验证预期差）,落地前观察；具体买点NA，须人工复核,实际披露低于原假设、盈利质量恶化或披露延期。,NA,NA,NA,关联推断，非确定受益；官方页面本次核验通过；利空/风险：业绩不及预期风险；预约不保证实际披露日。,NA,事件观察（非高预期差池）,http://www.cninfo.com.cn/new/commonUrl?url=data/yypl,2026-10-08T17:16:15.722732+08:00,"消费电子[申万二级行业:index_component_sw@20260922,本地历史清单]；消费电子零部件及组装[申万三级行业:申万三级(乐咕)@20260923,本地历史清单]",20261008,腾讯全市场+带日期批量报价核验,253.74,NA,NA
2026-10-08T17:16:15+08:00,1,evt_5116fb3fcc009388,永和股份 2026三季预约披露,2026-10-20（时刻NA）,财报,NA,605020,永和股份,29.94,比较实际业绩与有来源的一致预期；预约披露不代表业绩超预期。,NA（未有可验证预期差）,落地前观察；具体买点NA，须人工复核,实际披露低于原假设、盈利质量恶化或披露延期。,NA,NA,NA,关联推断，非确定受益；官方页面本次核验通过；利空/风险：业绩不及预期风险；预约不保证实际披露日。,NA,事件观察（非高预期差池）,http://www.cninfo.com.cn/new/commonUrl?url=data/yypl,2026-10-08T17:16:15.722732+08:00,NA,20261008,腾讯全市场+带日期批量报价核验,19.04,NA,NA
2026-10-08T17:16:15+08:00,1,evt_5a2230bc1f1dc210,星网锐捷 2026三季预约披露,2026-10-20（时刻NA）,财报,NA,002396,星网锐捷,31.74,比较实际业绩与有来源的一致预期；预约披露不代表业绩超预期。,NA（未有可验证预期差）,落地前观察；具体买点NA，须人工复核,实际披露低于原假设、盈利质量恶化或披露延期。,NA,NA,NA,关联推断，非确定受益；官方页面本次核验通过；利空/风险：业绩不及预期风险；预约不保证实际披露日。,NA,事件观察（非高预期差池）,http://www.cninfo.com.cn/new/commonUrl?url=data/yypl,2026-10-08T17:16:15.722732+08:00,"通信设备[申万二级行业:index_component_sw@20260922,本地历史清单]",20261008,腾讯全市场+带日期批量报价核验,42.2,NA,NA
2026-10-08T17:16:15+08:00,1,evt_6d8abcabf4b6ff24,富春环保 2026三季预约披露,2026-10-20（时刻NA）,财报,NA,002479,富春环保,6.01,比较实际业绩与有来源的一致预期；预约披露不代表业绩超预期。,NA（未有可验证预期差）,落地前观察；具体买点NA，须人工复核,实际披露低于原假设、盈利质量恶化或披露延期。,NA,NA,NA,关联推断，非确定受益；官方页面本次核验通过；利空/风险：业绩不及预期风险；预约不保证实际披露日。,NA,事件观察（非高预期差池）,http://www.cninfo.com.cn/new/commonUrl?url=data/yypl,2026-10-08T17:16:15.722732+08:00,NA,20261008,腾讯全市场+带日期批量报价核验,15.39,NA,NA
2026-10-08T17:16:15+08:00,1,evt_872340dd6f60f8e0,天富能源 2026三季预约披露,2026-10-20（时刻NA）,财报,NA,600509,天富能源,7.26,比较实际业绩与有来源的一致预期；预约披露不代表业绩超预期。,NA（未有可验证预期差）,落地前观察；具体买点NA，须人工复核,实际披露低于原假设、盈利质量恶化或披露延期。,NA,NA,NA,关联推断，非确定受益；官方页面本次核验通过；利空/风险：业绩不及预期风险；预约不保证实际披露日。,NA,事件观察（非高预期差池）,http://www.cninfo.com.cn/new/commonUrl?url=data/yypl,2026-10-08T17:16:15.722732+08:00,NA,20261008,腾讯全市场+带日期批量报价核验,43.84,NA,NA
2026-10-08T17:16:15+08:00,1,evt_87812b67acff50e0,昂立教育 2026三季预约披露,2026-10-20（时刻NA）,财报,NA,600661,昂立教育,9.52,比较实际业绩与有来源的一致预期；预约披露不代表业绩超预期。,NA（未有可验证预期差）,落地前观察；具体买点NA，须人工复核,实际披露低于原假设、盈利质量恶化或披露延期。,NA,NA,NA,关联推断，非确定受益；官方页面本次核验通过；利空/风险：业绩不及预期风险；预约不保证实际披露日。,NA,事件观察（非高预期差池）,http://www.cninfo.com.cn/new/commonUrl?url=data/yypl,2026-10-08T17:16:15.722732+08:00,NA,20261008,腾讯全市场+带日期批量报价核验,23.76,NA,NA
2026-10-08T17:16:15+08:00,1,evt_8e6c9b491cc8c893,三维化学 2026三季预约披露,2026-10-20（时刻NA）,财报,NA,002469,三维化学,6.23,比较实际业绩与有来源的一致预期；预约披露不代表业绩超预期。,NA（未有可验证预期差）,落地前观察；具体买点NA，须人工复核,实际披露低于原假设、盈利质量恶化或披露延期。,NA,NA,NA,关联推断，非确定受益；官方页面本次核验通过；利空/风险：业绩不及预期风险；预约不保证实际披露日。,NA,事件观察（非高预期差池）,http://www.cninfo.com.cn/new/commonUrl?url=data/yypl,2026-10-08T17:16:15.722732+08:00,NA,20261008,腾讯全市场+带日期批量报价核验,39.78,NA,NA
2026-10-08T17:16:15+08:00,1,evt_8fa667172f86e22e,金麒麟 2026三季预约披露,2026-10-20（时刻NA）,财报,NA,603586,金麒麟,13.74,比较实际业绩与有来源的一致预期；预约披露不代表业绩超预期。,NA（未有可验证预期差）,落地前观察；具体买点NA，须人工复核,实际披露低于原假设、盈利质量恶化或披露延期。,NA,NA,NA,关联推断，非确定受益；官方页面本次核验通过；利空/风险：业绩不及预期风险；预约不保证实际披露日。,NA,事件观察（非高预期差池）,http://www.cninfo.com.cn/new/commonUrl?url=data/yypl,2026-10-08T17:16:15.722732+08:00,NA,20261008,腾讯全市场+带日期批量报价核验,58.6,NA,NA
2026-10-08T17:16:15+08:00,1,evt_950a568e0200ec09,佛燃能源 2026三季预约披露,2026-10-20（时刻NA）,财报,NA,002911,佛燃能源,11.73,比较实际业绩与有来源的一致预期；预约披露不代表业绩超预期。,NA（未有可验证预期差）,落地前观察；具体买点NA，须人工复核,实际披露低于原假设、盈利质量恶化或披露延期。,NA,NA,NA,关联推断，非确定受益；官方页面本次核验通过；利空/风险：业绩不及预期风险；预约不保证实际披露日。,NA,事件观察（非高预期差池）,http://www.cninfo.com.cn/new/commonUrl?url=data/yypl,2026-10-08T17:16:15.722732+08:00,NA,20261008,腾讯全市场+带日期批量报价核验,14.49,NA,NA
2026-10-08T17:16:15+08:00,1,evt_99d562b4856b978e,福日电子 2026三季预约披露,2026-10-20（时刻NA）,财报,NA,600203,福日电子,9.64,比较实际业绩与有来源的一致预期；预约披露不代表业绩超预期。,NA（未有可验证预期差）,落地前观察；具体买点NA，须人工复核,实际披露低于原假设、盈利质量恶化或披露延期。,NA,NA,NA,关联推断，非确定受益；官方页面本次核验通过；利空/风险：业绩不及预期风险；预约不保证实际披露日。,NA,事件观察（非高预期差池）,http://www.cninfo.com.cn/new/commonUrl?url=data/yypl,2026-10-08T17:16:15.722732+08:00,"消费电子[申万二级行业:index_component_sw@20260922,本地历史清单]；消费电子零部件及组装[申万三级行业:申万三级(乐咕)@20260923,本地历史清单]",20261008,腾讯全市场+带日期批量报价核验,448.01,NA,NA
2026-10-08T17:16:15+08:00,1,evt_aedea5a2127ab21d,中国巨石 2026三季预约披露,2026-10-20（时刻NA）,财报,NA,600176,中国巨石,39.55,比较实际业绩与有来源的一致预期；预约披露不代表业绩超预期。,NA（未有可验证预期差）,落地前观察；具体买点NA，须人工复核,实际披露低于原假设、盈利质量恶化或披露延期。,NA,NA,NA,关联推断，非确定受益；官方页面本次核验通过；利空/风险：业绩不及预期风险；预约不保证实际披露日。,NA,事件观察（非高预期差池）,http://www.cninfo.com.cn/new/commonUrl?url=data/yypl,2026-10-08T17:16:15.722732+08:00,NA,20261008,腾讯全市场+带日期批量报价核验,34.94,NA,NA
2026-10-08T17:16:15+08:00,1,evt_b7f853647b82b1c4,信质集团 2026三季预约披露,2026-10-20（时刻NA）,财报,NA,002664,信质集团,14.12,比较实际业绩与有来源的一致预期；预约披露不代表业绩超预期。,NA（未有可验证预期差）,落地前观察；具体买点NA，须人工复核,实际披露低于原假设、盈利质量恶化或披露延期。,NA,NA,NA,关联推断，非确定受益；官方页面本次核验通过；利空/风险：业绩不及预期风险；预约不保证实际披露日。,NA,事件观察（非高预期差池）,http://www.cninfo.com.cn/new/commonUrl?url=data/yypl,2026-10-08T17:16:15.722732+08:00,"汽车电子[概念:stock_sector_detail@20260923,本地历史清单]；汽车电子电气系统[申万三级行业:申万三级(乐咕)@20260923,本地历史清单]",20261008,腾讯全市场+带日期批量报价核验,43.0,NA,NA
2026-10-08T17:16:15+08:00,1,evt_bb154accbe7cd958,濮耐股份 2026三季预约披露,2026-10-20（时刻NA）,财报,NA,002225,濮耐股份,3.44,比较实际业绩与有来源的一致预期；预约披露不代表业绩超预期。,NA（未有可验证预期差）,落地前观察；具体买点NA，须人工复核,实际披露低于原假设、盈利质量恶化或披露延期。,NA,NA,NA,关联推断，非确定受益；官方页面本次核验通过；利空/风险：业绩不及预期风险；预约不保证实际披露日。,NA,事件观察（非高预期差池）,http://www.cninfo.com.cn/new/commonUrl?url=data/yypl,2026-10-08T17:16:15.722732+08:00,NA,20261008,腾讯全市场+带日期批量报价核验,121.24,NA,NA
2026-10-08T17:16:15+08:00,1,evt_c086c656dba51e60,裕同科技 2026三季预约披露,2026-10-20（时刻NA）,财报,NA,002831,裕同科技,26.4,比较实际业绩与有来源的一致预期；预约披露不代表业绩超预期。,NA（未有可验证预期差）,落地前观察；具体买点NA，须人工复核,实际披露低于原假设、盈利质量恶化或披露延期。,NA,NA,NA,关联推断，非确定受益；官方页面本次核验通过；利空/风险：业绩不及预期风险；预约不保证实际披露日。,NA,事件观察（非高预期差池）,http://www.cninfo.com.cn/new/commonUrl?url=data/yypl,2026-10-08T17:16:15.722732+08:00,NA,20261008,腾讯全市场+带日期批量报价核验,21.28,NA,NA
2026-10-08T17:16:15+08:00,1,evt_c15426cf1585089f,祥龙电业 2026三季预约披露,2026-10-20（时刻NA）,财报,NA,600769,祥龙电业,13.81,比较实际业绩与有来源的一致预期；预约披露不代表业绩超预期。,NA（未有可验证预期差）,落地前观察；具体买点NA，须人工复核,实际披露低于原假设、盈利质量恶化或披露延期。,NA,NA,NA,关联推断，非确定受益；官方页面本次核验通过；利空/风险：业绩不及预期风险；预约不保证实际披露日。,NA,事件观察（非高预期差池）,http://www.cninfo.com.cn/new/commonUrl?url=data/yypl,2026-10-08T17:16:15.722732+08:00,NA,20261008,腾讯全市场+带日期批量报价核验,370.29,NA,NA
2026-10-08T17:16:15+08:00,1,evt_c7681b3e63ce894e,国机重装 2026三季预约披露,2026-10-20（时刻NA）,财报,NA,601399,国机重装,3.13,比较实际业绩与有来源的一致预期；预约披露不代表业绩超预期。,NA（未有可验证预期差）,落地前观察；具体买点NA，须人工复核,实际披露低于原假设、盈利质量恶化或披露延期。,NA,NA,NA,关联推断，非确定受益；官方页面本次核验通过；利空/风险：业绩不及预期风险；预约不保证实际披露日。,NA,事件观察（非高预期差池）,http://www.cninfo.com.cn/new/commonUrl?url=data/yypl,2026-10-08T17:16:15.722732+08:00,NA,20261008,腾讯全市场+带日期批量报价核验,46.74,NA,NA
2026-10-08T17:16:15+08:00,1,evt_c851ef5c850b820c,新力金融 2026三季预约披露,2026-10-20（时刻NA）,财报,NA,600318,新力金融,6.72,比较实际业绩与有来源的一致预期；预约披露不代表业绩超预期。,NA（未有可验证预期差）,落地前观察；具体买点NA，须人工复核,实际披露低于原假设、盈利质量恶化或披露延期。,NA,NA,NA,关联推断，非确定受益；官方页面本次核验通过；利空/风险：业绩不及预期风险；预约不保证实际披露日。,NA,事件观察（非高预期差池）,http://www.cninfo.com.cn/new/commonUrl?url=data/yypl,2026-10-08T17:16:15.722732+08:00,NA,20261008,腾讯全市场+带日期批量报价核验,80.89,NA,NA
2026-10-08T17:16:15+08:00,1,evt_d13a2341edd9ed49,雅运股份 2026三季预约披露,2026-10-20（时刻NA）,财报,NA,603790,雅运股份,25.3,比较实际业绩与有来源的一致预期；预约披露不代表业绩超预期。,NA（未有可验证预期差）,落地前观察；具体买点NA，须人工复核,实际披露低于原假设、盈利质量恶化或披露延期。,NA,NA,NA,关联推断，非确定受益；官方页面本次核验通过；利空/风险：业绩不及预期风险；预约不保证实际披露日。,NA,事件观察（非高预期差池）,http://www.cninfo.com.cn/new/commonUrl?url=data/yypl,2026-10-08T17:16:15.722732+08:00,NA,20261008,腾讯全市场+带日期批量报价核验,53.9,NA,NA
